419be7d0-83f6-41f3-a5a6-e87d9d3af0dc,79338
e9ea3117-9163-4f99-9182-e356865856dc,2783
821bec75-3ca7-45c7-9ea8-86cbe94b0809,23210
e0fede51-3225-445e-ad98-117801acb7cf,71418
81362449-7b57-4a64-8afb-0c4f9f32f6d9,33622
d65127a4-c311-4b59-b71e-f2b547d3234b,42586
001a0510-4176-4021-9add-ffe9f9715e4d,61847
702ed2d0-43dd-4b59-b8ed-f44ff6fe75da,16467
f483db00-283d-4a19-85ff-05d2f0015ab5,28915
a056cf1d-a923-4ddc-ab90-44ed807cd4d3,66391
0333c2ed-7ff8-44a1-831b-c9b44cb72958,38633
76f7b94f-0701-4b1a-b532-86f8f23339af,82285
2bea9656-84c7-4b00-b09c-c2d15176eb7d,92151
4fe0dfba-7bca-4271-b706-21c570935b38,57243
8b74f347-9fc1-4fac-972b-8714690f3ae7,44438
02fe5f2b-2d78-4753-a453-ea0c67d3c869,40571
f958cf6c-9c6b-4b15-8254-e908f8899abd,98319
9e26f4d9-dafc-41e3-902e-bc5322d4996e,196
7b209bc4-4aa7-48f6-a7a2-cab60693a5cd,90180
262e136f-b319-42d2-b97a-84a3c16badf5,73693
e8670f1c-e1a2-461b-a573-e761087d1d0a,87763
4a107203-ce58-4b8d-97bd-5b2a7b6e63bc,51419
f0bcb6dd-20e9-4e43-a35e-bf8918c05703,28076
467971b6-3145-4165-9da4-b69f43ffbde2,75762
a547259d-5f57-47ff-8ccd-21342350833b,45206
81de4c12-95a8-4651-96f6-781df1ed75e7,19606
358096ad-ff66-489b-a27d-57f414bb37fb,23987
6ffb4ad7-1d48-418f-a98f-9d10c8dd80b0,12834
a5068411-dff7-445e-ba03-92894f57b355,86019
df9bd3a9-89cf-4702-8df3-f080e03c3d94,84947
d9337425-7e79-4053-895a-fcd105d94eed,40846
4d154bbc-29db-4ebe-ad05-31892903572d,16971
c7e87f35-6100-4b4d-bb7e-9281eb693ca2,48524
c9a5e10c-e86f-4ba2-af32-de2c8719291e,35127
efe8b74a-4e05-4680-b7ae-107299282663,98258
17b11f44-6282-4433-843f-f1e8ebe52930,92424
83bd9a79-8842-4384-b4bd-2a740256986b,72554
e348528f-a22a-40f5-9e8a-4aa4f2560f89,21851
0452d42e-0c5c-4391-9ca4-64824d572fb0,26223
b8d07660-87d1-400a-a35d-689db2a98766,67510
86f2b275-31e7-468d-9a84-a042f4d2f8bd,48736
45640b51-f9cf-45e4-b8d8-d822068e56c3,74265
5b7c6d17-b27f-4de7-ac5a-48da567954df,42674
b4f4872f-a392-4479-bfde-0e42e6640dc9,82202
6886e27d-8f6b-435e-9c0a-b8f2c7aa27f7,9457
bf3462e4-f994-45f4-b13a-9fc840a44cd9,13550
83e2ded7-f120-4f50-a409-709856f18ca5,41880
e5db9f9f-bcf7-45cc-ba78-be9c74af650b,33814
3a607e03-efd2-4370-8d95-5696a8018a1d,16625
6afbbd85-899f-4dba-a0cf-28155598af57,85104
593cd88a-eed9-4f56-b8a8-d04e9c46a0d9,92256
d533df2a-4d01-4617-8b41-d46ea31ecdc1,78882
a6547e80-adf0-4f4b-9c9c-ef3bba809033,59437
4a392c98-5a7e-4ba3-9753-f0c629a585a0,94951
b245bb10-93eb-48bb-9422-5896eadf45a7,80206
9575e1fb-12c3-45da-983a-4c48516a2c1c,42981
104c3425-dc62-4d21-b1a9-acbd942a1e99,77747
5bcb3850-ed25-46b1-a4fc-0adbb4977261,43905
d1f91d02-c6cc-4428-8622-9eadde464e76,78984
8f6b3924-0572-4439-b897-6caf04fd5f3e,16006
a502c122-3d07-4590-8733-d857f1f47397,87685
eecc903a-5ce9-4f6a-8e74-a23654e3025b,40806
4d4b4ef8-7c50-4dc7-88b9-beda576c05e4,55707
210ae854-eefb-42bc-ba84-d530af50060d,41057
ed14bca6-dfed-4383-b39f-279a25423170,42969
7dc656ee-1d89-4498-8bfd-82736326d0a7,25307
dd3100f7-79c2-4718-a095-c3cdf47b579c,69945
fedc562a-2537-42cb-b815-26acd70ce7fb,98403
80416767-6c87-4d7d-b841-e33ad0076e73,8977
c546648b-e63d-4b1e-9cdb-ee528abd4edb,80282
750863b8-ac5b-46bb-8c03-d27106266071,8808
3c3d9117-ced7-408b-b445-46e5eea37b39,71661
ff579efe-21cc-4bdb-a280-c67095d64442,14611
9cbf5fac-8009-49cb-a6d6-c31581a23ffc,88441
9dd9fc84-7a88-4ab1-a3d0-fc9caf456a2d,98788
ee2d83ab-ce9a-46e5-b4bd-4bd56bce4d53,11986
f25961e9-34c7-45d3-addf-06e3d11a5caf,90947
1a4d177a-f20b-44d8-9d0a-5753a0056577,43400
bc26b8fc-8c70-45d7-ad95-2e0d02a5113c,33628
749385b3-8d11-4997-a361-acce6388ee3d,49904
c9e6dd6c-cd84-4d51-b1fc-f09446712a24,73441
7cbba5f4-0804-403d-b9ef-2b17b06a696a,18244
7952af63-4683-439a-8410-4be85b4506f7,73112
2033c22b-cb5a-473c-9f15-e21566166c1d,85429
e31e2026-dcbf-46c7-9327-62e31257ee2e,36690
15213a07-073b-4764-bd40-dab294633bcb,74234
3bcc62ab-0471-45a0-b4b8-e3b6e4ba5984,5577
12f89f59-8220-44b5-904c-529f0e3274bb,13414
27ba5536-32a4-4f5e-81d0-b41035c0e16d,9940
d9419437-499b-40fe-a25f-20e9994003b1,27226
6aceb248-803e-4ec2-acc2-60c3106a3efa,65531
289c107e-b7ec-448e-a127-0a938e2d64f5,94293
02d7a435-c6f1-4b1d-b57f-e70ff02399db,7608
0d9040ec-980b-4a16-8957-c22d9300de3d,10250
ade2a812-4c25-4d6f-a265-7a5ecab0cc35,25124
13f86047-2b54-4a93-83ab-660d40064c33,79093
c40c3afa-8b2c-4e54-9923-f241ff2f3d9d,6940
2410f685-635f-4f28-b977-1d39afb5f384,84747
db061845-91c9-4492-83aa-d6549d2d8408,94638
8eb5963f-cc78-4590-a7c2-bc3e7b9d33e2,14983
415058f9-9715-4bb7-8a89-125667293f56,5624
80cb5c74-d1e8-401e-a984-f5b6554d86c8,81619
97b5e129-4028-4c11-b3b4-ae61df3af17f,74409
f8c72c54-5b9d-49c4-82d3-c149cba36f6d,8130
8f930565-c350-4e8c-9f94-6e54db8a7062,65934
db59fbf6-e843-4714-904d-b782936b43a1,30248
d2c864d8-286f-4178-9b41-4bce5faff192,59308
336024fa-f593-45d4-b306-465e640496a2,2885
8bfbded9-14a1-40d5-bc61-147c474646e3,7259
eb70efb1-f9c4-4f9a-9515-e06a19e8b62f,4293
db4760cd-e20d-4112-8053-5143012c0212,41702
3a41aa0d-9c7a-4ec3-84a9-d47f589ae9c5,58619
d4e4772e-ee4a-4402-807c-028678267d5c,24140
ac974a6b-00ab-451c-8bc1-9e1df5403d96,92722
6656e45d-6768-4b5d-b1db-a0c75a664238,69242
e19c6520-7988-49bd-9716-6b9b874e8ef3,68115
eed5eaf1-0982-4ae8-8669-c26d537e07d9,87957
88aaea3a-ea16-47dd-9106-2b3ee7ec5ff9,72570
f8e17619-1ec7-43bf-b88b-6ff2c0ebdf04,41526
ff50f3d1-c352-4b55-bf32-d751cb049a41,26519
429695b3-b841-47f6-9cc6-1899e5d9009c,30217
461984d8-f84f-428d-a2f9-03d823dcc328,97544
731ba5cc-4493-40ba-ad4f-236a15bfa4a0,30587
9bf4d6fd-b96a-4df8-9401-a9d8f866ac65,16187
dce4a26c-f518-4c7a-92e0-dbdbbefc26de,13019
c386d381-26c7-4978-8204-5686ceac4330,83072
5ca40b7e-3d76-4431-91e4-b41b5180ac74,88828
8a37edcc-71b8-42c0-a29f-bc5c7e44dcf6,12558
632be954-d03e-48c7-9aef-74fdafee0529,57582
8ff5a2c6-efb5-4b75-b071-6d6bd5fb1286,88410
1008da7f-0451-4ec4-af99-3ef4fb61ef8b,30736
2edad32e-8f1b-4ee0-bdda-598abbcf4870,22878
d2f18cb0-140a-4c27-bce1-936b7d617c6e,63737
468f10c6-a3d6-444e-9224-874a7d8eabd0,37098
2b685c0b-ed1a-42d2-a13d-55d1e23a87aa,82226
e676dcb2-1de0-423b-b54a-bba5170bfbf7,999
4222f86b-15ed-46ed-843d-f02b661d2a3a,58737
a452a6bc-c8c9-4eff-8318-86d05d2de7f1,6051
5eb9077c-d17d-4bbf-9fbf-2e047829f68e,85375
d330fc5e-adbb-4422-8be2-2f4ed21086f4,37163
e04a4e9a-6525-4ab1-8446-4abfefa12047,16771
b8138b82-41c6-4cb9-9aeb-271a12e85fbb,70080
87a3523d-9eaf-4720-8eac-6b5d49b934f6,67663
4a937469-ce86-423c-b66e-a27cc46ff095,89519
2e6194ac-e1da-4d77-9f46-a4353bbab29d,38935
8514c603-caee-4d97-9b16-9993f49f906e,78797
2353b0b3-04bc-4ad3-bff7-c855c6869986,9539
3b8d5623-2b8e-49ac-8708-fba31fc5eb94,86908
bcfe2ec8-7489-446e-b672-179b635ef99d,56595
7269b57d-dd37-48cb-882e-0e14d4e0b25c,74600
cdcbe7e3-1cab-429c-945b-829d91e65fd4,68575
016360e1-b6af-4d81-8fc9-f1a67e7474af,76974
f4f2af32-fae2-4877-8724-e2a7cf074017,60162
e8fc7967-e5c6-41eb-95c2-737160065492,90703
d8e36d57-8788-492f-a594-6ef6d58cc54e,17225
66edc909-379e-4630-96ac-69387a5efef0,15118
dc10e534-f338-40db-8e48-c0b22a311872,40816
d8f4289e-c6bc-4f0e-a6cb-5f1338ae00ed,90763
d0d7e488-668f-43a5-a0d1-af7bc1eb96df,68767
c92ca523-8a1b-43ba-a8cd-8fec260a6b85,12641
796ded4b-6111-491a-a83c-871238dd28e4,788
d8a7708c-61fc-4211-abf3-c170af80f66a,37542
8feb5924-b89a-41f8-b8ed-6db44205ec5c,7113
c63c96af-0c39-4274-ad13-0639f6ba8eaa,49466
df8f6614-da64-4116-942f-d6b66c350c6b,41570
53314915-c0c5-441b-bbcf-9c4a3542f802,29789
930c0c86-607b-4c56-b72c-03051799e149,86467
0fa88285-d19b-4eb3-86ae-7c197c5acf42,60167
a33fe56d-9b55-465d-8b02-53ba3822a27b,93192
42f62fa0-404e-4281-b7b2-54a94d02f4ac,46735
007d42a7-0cd9-40af-a4cf-aa08463e6d67,98755
b5cfbfda-0da5-4f44-9a0f-9bd7d663104d,98827
29c17e0c-1965-4885-bc6c-b658e799c70e,21006
92f0416b-a6ac-4b6b-ac3f-d9c4b413fece,8305
1dd0b200-a9ff-4ae0-a862-a262bee81c11,58864
481cee60-411a-4a3c-b1c0-597728d13b37,14113
ba6d23ad-fc48-430e-a878-add0335382c5,12838
968ffb6d-7874-4a0b-bc7a-26a9367cd6ea,4690
b6e4ecd6-4727-4ea0-ace3-64d129c2c0ea,3314
e69fa7b7-72e6-44a2-a2fa-cf5714904239,79025
a4483744-fc48-4a23-a9aa-c6653f0f3278,9947
07f13474-d3a1-4ee6-a742-05b8f048fa33,97472
2ebe98df-dd12-499f-adf5-5c02b803a558,99913
e2f3a335-2657-42f8-b53b-675efdc3a27a,47651
db6e78a2-265b-4502-bf1f-f9a679a20da5,19382
b4c852f5-4f7a-4d94-8205-1700040bad9a,4596
5b69f4a7-af40-49d6-987a-1604f71fe094,13254
a3bfd17b-ee70-4132-aef8-3b0975991583,89220
20cb39d6-425d-4edd-a2aa-cda310c8b99c,92384
6d5e01c7-f83c-4e3f-b223-6a2414f00414,87867
b9bec1cb-46a0-42ee-a3b8-90bf4ea71522,24086
b7cb3f95-973f-4001-b150-adcf55fb7873,99170
bff37500-649b-4965-9259-5d9c02536c84,5263
a66138b0-cf30-42ab-9aa6-87692df9f6cd,58091
12683e32-f249-496a-bbfd-9527f3062f47,92811
371cf360-59e6-406e-a0c6-b6c541b5ac88,79549
d471b589-727f-4183-8faa-17b644e015a7,64492
e7fb261a-ac4c-4806-8aee-68779b116883,22849
94cfa0ac-afb0-49f0-b376-ec23f12e2d6c,58253
67976d15-442d-42d2-a53e-3b9ef82a1a4f,99301
d8311541-adac-4023-8220-ae488b27e770,59085
f06cb5dc-2280-4944-8725-8dfcb384734f,35742
f5abce5b-7fc7-42af-8782-bfd09fc7067d,2789
0b80fabe-6c65-4ec3-bb7f-84604edcd44f,75743
55d9c3d2-31d2-4406-9985-381c08e8e5c5,67105
b0062f2c-3345-440e-ac15-676923b3394a,92106
3afff778-8ab3-45ec-a4bf-1e394bc92854,68573
077f686a-3d64-4cf6-aaa6-b6209024ca79,88182
055cf5aa-7bbf-4a80-be5b-eca841e19b8a,64963
8674b11d-4eed-4ec6-922d-1471c4a442a2,94846
d66d7266-0242-4e6c-97fa-1b1118db58be,8922
9b2bef72-563f-4288-82df-5d0810a6ab6d,19189
fe13ce78-2e3d-4fad-9c57-cc2fa429429b,55917
2d9dfe4d-9bb2-47c4-b88f-68ded7cf7702,25341
9fe04e9c-9740-4b46-a191-f5d344d82b43,81783
4448398d-59d0-43c4-be50-fd93d8e53f77,51798
9aac6b2d-c9e2-4910-8a15-9a3544644cc5,86564
30c6a6b4-f9a5-408a-80da-6e67cab03213,96953
9a3f2e3e-f59d-44eb-a7f7-a3d1b3a8738e,4105
e3caf485-8757-4857-8d2c-11a861d0de78,1115
2d3494f9-a20e-4a09-8ba6-71e58259930f,72098
4c7ee591-8425-4e06-83ca-8e76a04bcba9,78189
c37e59bc-779a-4bd6-9d6b-bb835362dd45,28988
631608e8-8da9-451a-ad26-ee4f936d15c2,6592
5890bf7c-d486-4a9e-99d9-8486ed9f529f,29689
daf519b9-67a5-4dbc-8fd3-af40bc14b022,57480
9350a83f-35b0-46dc-b04a-360dcc518739,39806
ff767843-f01a-4e12-896f-12c538d0e7c7,32413
661124e4-af91-4ae7-ae7c-fec9e55715fa,94707
8aa73ffb-c1db-44db-93b0-eb4d7afcbe7c,5808
c014ae26-c8e8-4d5c-9887-682110edfbd0,30896
85180111-eb46-434c-81ff-3cd915767f5e,67034
5852b7d9-b577-49d2-92c8-af2bad0b53ca,25012
6de255c7-6937-4149-806e-b8cd0016f0fd,49014
b15e1b99-18ed-4fa7-b02e-88393b78cd60,34070
65ecb873-2925-4012-8851-26ca37fc8006,65413
a6fc6f8c-bb22-4e31-b201-35ad54f5dd43,5888
ba762069-513f-4668-bb7f-e0fae73ba3ee,48443
bcbcea90-e325-4084-9d56-2433f1af17a6,41516
0d1db00a-4096-4186-9f86-1f54bfd677d0,70033
5434cb29-2799-4a57-bf3f-1ae70434b87d,45324
9e5e0799-27dd-4a4d-b8d4-84027c2e9278,89338
5b3a0838-2079-46f0-a29f-8221ea42dc35,61761
e79a271a-7dc6-42af-8cfe-10c5f543fdd8,50252
a9ecf9ac-ead6-4155-9613-0ab943b85b0b,68577
57be0db5-eb39-4879-9756-1a31876cb488,20820
9e524cb8-fd71-4bd7-9e6a-8d6c1a1a8886,60562
133a7fcd-132d-4e42-a72a-6532785497fd,88564
a5f494d0-22ef-4928-a694-c0f1e3441cd6,97550
28bba5d1-1ea7-4118-a1ae-74257239910e,71997
e2fc0b2a-9307-49a4-a953-177c1944177b,46367
419c2505-0ef2-4905-b29a-87710cf64320,6313
98c811f1-b8f1-4276-8238-96edf31dc5fc,69421
37f6077c-be47-40e7-a43e-8052897868ed,60734
32513352-65bc-49f2-9e61-e2be4289d6a8,51419
b46fdb21-5eb8-4be0-8feb-b87f65daa0c6,2725
cac81c7f-5b45-4626-ba88-4ea8ddc61ea5,86887
cfdd14a1-a230-48d1-bd26-94272a80f402,1737
8805a8af-d984-4b69-aa23-ae929fe256dc,83153
3c8090ab-2450-470f-80e3-a8f88a04a755,47647
e8ae6613-77be-42a3-aae6-12572d69552f,13603
e7fd3717-aba8-46a4-ba08-0335a075383e,69554
e76505db-700a-41fb-9a16-16bae4b9d2e8,82787
686d61d2-3ce9-42d9-a811-969813a26dde,77287
596e386c-2644-4b00-96c1-0936c2391616,97732
b1b6c1ea-39c8-4eda-98ed-40d7785dcea9,7330
3e7575c8-f127-455b-823a-882b7b04236a,25996
bd948ccd-64c6-4eb2-b5ef-336f1e1f127b,692
075a7a56-4f5d-4dbf-a6ce-b4c8da53c31f,88308
9ecbab27-004d-4d0d-80ae-3857aa0bf5fd,24962
7b7fcb95-6493-4fe6-abcc-e2d959acc05e,67923
856e3941-9338-458d-9f93-06019f3d0e73,23494
7ffd0335-ceae-4f21-95e2-b900eb3c6750,47794
52efca36-262c-4879-99c2-631ffdff9091,94109
24a629d3-562f-4384-8f9c-8da047b400fb,14774
2c020aa1-9300-45d7-9159-1ce19c84e3a1,15321
e712a084-4183-4d03-9ba8-f09a02a44a4a,26943
215392c9-5ade-4adf-ad86-8ef077e1cb77,76480
7dffdd70-e41c-4ca8-9a68-3e967bfe6b2d,7148
1d88947f-0623-4e8c-a745-65ca26bed98e,62577
8dad3d7a-e9de-4b78-b267-3f64e94d9825,64576
989b02c7-34ea-4004-be99-7ebdb45996f8,15555
fcc62298-d548-4bcf-bc34-9e0ba0bfbdb8,10562
e0e026fd-be37-45fc-addf-7ea0edc4edaa,20810
c8433974-17ba-4c0a-9a71-5d2f12b12f00,53449
73ce2e9f-9adb-4e58-8d86-7e9be1d38345,6597
f286bc69-427a-47b7-9493-12e0cafd4e64,60656
5c26b80b-a1f2-47cf-9b77-d1aa14bfa050,14750
86bf4347-9ba3-40de-aa65-5c5b7ab6a656,57132
25fc7e70-e1c2-41d5-9dbf-e2c4c6c761a6,42893
1c61de22-3b0d-43ab-b138-d28cbbf60ce5,90050
4e4e46e3-d01f-4191-a336-239ac867bc01,229
071c9e39-a220-4560-8f1c-2d8cd34260cc,21460
f96044bd-985c-436f-bf23-091a5d2e3ce7,45781
155639e0-336d-4e94-a51c-49615dabedc2,60299
e6cab1b4-f743-4258-aacf-83c7b6fd6247,34013
3b0ec8ce-9b79-45fb-a528-89d5df1506ee,3798
18e68ccc-febe-460e-8d49-19ecde1935b1,67519
f68b19a7-2c2a-421d-8570-56d0fadc46cd,17618
036b3ea2-b845-456c-ac68-fb2549b994ad,38833
0d86bb6d-245a-4c79-aafa-372c4da7f301,25147
30262b2b-0f36-487b-bd06-ac2d9b7e91cf,97008
c1167e21-61bb-47a7-8add-701476063193,23210
95793734-2313-4322-b297-4c80d52471c9,57117
11147485-eff4-44af-836c-2b1ecdbed5a1,76357
2d03401e-2711-40b4-a69b-e44b3d0db9b0,50478
a24f4179-2dba-4720-aad7-39d9329817e8,86405
cfaff49b-af94-42b4-97ed-52745acdf1d9,1666
5fa8df1f-0ede-4ef1-9c6e-4c77abcb2951,58847
df4c16df-fa12-454b-9dc9-bda10350ee27,85525
a999e53d-15e8-40bf-ad5a-b24071e2d2e2,95011
808e1d80-40dc-4f87-ade4-66f234d64bcc,28285
c1b24383-34d5-4540-96c9-886ade4b0b70,83083
77d86a1a-fb5e-40c0-a967-3fc1c57ad304,86008
f8998376-433f-41e2-84d7-209fd23494f0,67020
0b1c7bd8-75cf-4dc5-aa60-aceb0d2e4df1,37473
8e417863-668f-4346-9214-e9892d5c2be3,35727
7a5cde9c-fde6-4956-9d16-90d3059b1fee,55709
cfaab656-6594-4377-916e-4fb67383ef45,81718
d8f84e31-5ccc-4486-8c42-3d209a3972d3,20995
5665a283-b49b-4c4e-8f0a-fa483ecb0c85,43204
5e742a19-b429-48c8-b93f-3be62e62fa77,25791
196ce8b8-4984-43d1-8ca7-3af328263c3b,84048
25b332e2-bf06-482b-8271-b917a14801c6,47413
d57ccce1-2116-4c40-8c11-07d22fc1a766,83120
7a9694ed-d588-47e5-b0e6-31cd39f46dff,50102
570d2fc8-0eed-4884-8b4a-bb7c99e34574,43571
da06c592-6f20-44be-b29c-6e77005baf8a,70345
af93c62f-e40f-4a2e-9576-2908e6213b00,32084
847d1dcc-ccbe-48cd-8fd5-29062d2f6054,58027
88180999-3a05-40bd-875c-ea7016a6f84e,23212
b56a6cbc-ff3d-48f3-b2fd-826e090386c8,54843
0cba5414-0d3d-4566-8afb-beabd31fdc77,29710
0f1224b6-def2-4d78-bd6d-4330333e72f3,25059
7b5f65cd-487f-4e1e-bd54-10fd8205fd81,13583
242c2088-f341-466c-8a4f-3a19572dbd4f,83358
f0507587-0811-4e01-b6d2-026fb2d05994,41926
3d558303-861e-43c5-92c0-6becf6d93716,831
0764e21f-7117-4baf-a6c3-d425e6e6b78e,74309
41d0ddb4-ce3d-41d6-ae86-918fdd6f2bb8,97590
14050b6a-9b95-4c85-86df-4062a9596006,44461
7e667955-fd5b-4000-b1f1-427f01715612,50673
cd8ece7e-0aad-4f47-9f9e-d1602fc8629c,83175
2a25901f-866e-4172-9c08-e928023726b3,60721
90430821-88c7-4dd0-a604-15003da97bed,2624
e2d44eb2-3357-419d-8e37-0662d2839ac9,88677
877e56cd-bbef-46ff-af64-bc4f59bd930f,21973
8552c567-afdd-4ad4-b48f-8d14fb90b827,60815
46c5e492-110a-4f3e-8681-79caf5315a69,87810
8ae2b5d5-f478-4f91-8d15-8a81c87578d0,65322
7324ac13-56da-4968-9d1f-8e0cd05b67bb,28579
f8deca0a-6623-4d93-a351-1afb0541c23d,80002
f051d2f8-bde1-4410-9c65-74edc14c4a45,36936
63185dd3-4b2a-40e6-984e-48106a47fd41,66258
9af42eee-0718-4c68-9966-391f6ac3f7ac,72100
62a6b367-0d52-411f-a2b5-94aca28b90ca,97489
3a703b36-280b-46d1-85b7-6fe40f206713,16218
ab620704-f536-48ba-bfdf-e8efbc6c20ad,98923
98738f5c-35f0-42d8-a902-56f80dd97f95,31997
2e712dbe-b9a8-4010-a967-6dcc402bc5eb,45184
95120d7b-7ca8-4f7d-9285-2e7f0b894e2b,96601
c5098183-952c-4ee7-afde-c2fe772f7ff1,82006
7ab876db-f6eb-4885-95be-083e7c30b0f9,65946
8e696c25-17a9-491b-888f-a7f174200277,93952
7c4dd056-7b2b-48cd-a23d-562336f592bc,45790
84473fc1-8b57-4127-bbe4-dea9ecc45cd1,86433
2d4532a9-c4d9-4c2a-88a8-590b4f57240d,72065
b291a025-74d9-4716-97c8-a1f0dfeefcda,8977
b78abaa9-a180-4a72-a1db-7a721bc652bc,77708
894f2f98-cb9a-415c-a79a-c94eaff081e7,29250
7d4dca75-35db-4cb6-9a0f-7cbb155b2d9b,87073
7fa1397c-78f6-4f49-aad6-f9931092cb2f,33935
873e4337-ee8e-4a40-9524-6ae914ac8f7c,78681
7aa3cde9-c0ef-421f-b191-381d96915b79,78859
a0c8be8f-70e1-4d1a-9b34-b7fddf18950c,14809
1d69a483-cda0-4c84-acb5-ba4c6314e6f7,2246
884357f2-ecbc-4544-b69b-b6e789878808,48046
3a0e9fe2-9b23-410b-97d4-ce8093c0bdd2,14614
0257f161-afde-415a-b14a-f36df5b5cda4,91380
09a1afcb-fb44-487d-a915-a6b7217f7f14,90350
dd4c7374-5171-4874-9c7e-0c882f05e9d8,97586
b62b2cad-cf91-44ea-baa0-0ba0e00d6936,61217
a47be058-6276-4434-9a5f-d08cf01ef9ab,89008
81bbd1fc-d557-42c0-a734-07452b41f024,13910
0cec8641-1034-4c04-910d-e55b9bd921fb,54473
48211e7e-7c9e-47cc-915c-449128b324d9,92649
20376f11-2559-416a-b983-62f96e2a29eb,38643
cddc6a20-6638-45dd-9e5e-32d011881544,95561
6d96d563-5f1b-44b6-ae33-88eb73c0c15b,24040
177e6726-25d2-4dd6-92f1-5d5ca4eed921,38535
0897023e-a7dc-4981-aebd-cb7af43c31e9,98857
a908285a-2a84-4262-85ac-f2d3db875b08,32778
9531b3c3-5d08-4c29-bf4e-c6cc790c0776,48289
3a6118aa-20ca-4208-a85a-2021a1e45937,42105
4d56fec9-63aa-45c6-b006-d7623b1f2c1a,30863
98c5b7ba-8b0f-460b-8a1f-f49c265445f2,79435
7cdc309a-0730-4820-8d08-c677dd87b422,72815
80be23c2-4734-43c9-8708-04c58ca84ca9,91992
35e066d7-d173-4fb1-b77b-7c8501203bbe,10931
3bba920a-b012-4652-8e04-40e3c99ad467,30690
0143010f-bc6e-4f73-8ba3-c90ad46d1f49,23147
29d4d0e4-40de-4397-9a08-b2b41bbcff32,5892
a6e941a1-3120-4dce-a5d8-8a0831ee7574,46317
904203c9-d13c-4b59-8fe0-0f2144b17438,13314
100bf3a4-e9e6-452c-ae13-ad5a05f04d7b,75296
27c79b36-6db8-43b2-acbe-383b297adeda,71472
e70205e4-89a8-4304-86f2-3ce408ed6e61,14945
668f9264-7dcf-4d1a-bf46-ead3993281a9,24511
b0fb959f-59bd-487f-a1a9-21a4cacff5f7,19788
f36689ee-964b-442c-b5d5-31565b8809b4,59993
acd43a98-ae14-4a6f-ab5b-d77587f0c3e7,10001
d522c057-37a1-4011-847d-2204e807d4c7,44924
ec955b3b-a26a-4c1b-9b2b-db993620b296,77765
fca61140-9f65-43f9-9020-611eb395c31d,62570
96e3d13b-e2ea-49da-a530-e36d9bc8f397,75339
91d194d2-561c-4854-b542-9f9bbb5badae,27451
2270272e-622c-4e1e-a0a0-8b46ad2880c8,50650
0dd96d9c-2dc5-45d7-9c48-131e823afc4b,91857
4979b590-2c82-4ced-8b58-46134ae9ae82,71693
6b3ceff7-7488-4388-86bb-293996af6f21,20640
eb9f0960-41c8-44c0-9a72-6df407a9c2f3,43586
04d47ea8-a9e2-4b70-aba9-5692073bcd3c,8562
da475490-1dfd-4ccb-b9ca-0061d0639bd4,52599
845fa7a7-9d8f-4940-84d9-7fd13c3abf04,59660
8671fd64-a0ac-4d19-9b63-10e87641bc66,56878
644b6150-6f5c-43b6-abf2-a8ddf305698e,67691
ad5b90b1-8176-4aaa-b591-ed524d774aa4,12760
53ac42fe-3fec-4801-8b7e-28d26e0d6bf2,77018
89cb5f4b-1041-4d0d-bf31-fb7614cbb1bc,13389
a24c7b89-9011-4767-b177-d6e9d5055884,18161
3a4199d4-9721-4775-a320-7f567acb8d59,3802
f6b63322-40c2-4b8d-9907-ff49261cafb3,47671
68c12909-945e-4bce-8b81-637be3bd864c,62859
1e6abfba-1b05-433d-895a-3156f2f739bd,77698
5d6bb312-6623-443e-8f46-01c36e8a6611,40095
2b925925-a45c-46d8-8e39-a3f20812f2a1,10588
4c673ba5-12e6-40c2-b693-468e0e374d92,57431
5ffcf582-dda8-4ad8-9791-a0462d9e2f3a,83214
55a4d434-26b2-404f-b863-995479b7e3ea,70763
44ed4d33-4294-40cb-9770-26432d9b7089,34358
ba09e7a3-a11e-4e81-82c9-bfa0d139e5f1,47691
2361bfea-7cb6-4409-bd80-354ed8af74a7,65549
19bf5480-514d-4955-9149-1350947777a5,91952
901f68fe-d359-497e-a64a-8a146c70f774,255
11d1171b-adee-44ba-b2b5-05ee7ae2de53,29798
4b8f8b49-d468-4784-8eb3-2831bd7fc97f,12831
abbe84ea-293b-4102-9ad8-acd12d961c4e,34410
748c0432-b8ff-4ef1-8bec-b4b3488f3448,73154
e3bc364c-cbf5-4e75-8248-4b488cea18ad,50152
1be84255-a248-4fa2-8dd7-271fbe445223,54323
010afa1e-56e9-43d4-8aaf-51ee69238cec,9166
3b0010cd-4bc3-4228-8bcc-eec204d6f667,9632
2b92283a-8675-4b58-874c-11bcbd8ff092,38425
2d6da225-f615-4c71-acd1-0cc7e9a50c1e,1770
6c3b6558-2d91-4e84-aa86-d97c8e141704,76956
82b712bd-771b-471d-884e-4a8a6f48e212,62008
21fe5169-37f7-4403-af09-cf7db5878480,85659
174cec48-2196-4837-b6ac-aa492e9c2839,45580
3a8c88de-e23d-4ec7-8d1f-67176a7ac267,11928
80f60ee9-0046-4351-bf79-c5e190f09260,54872
51d2dd25-99a5-4957-a668-e1a895f39dd4,48932
e99569fd-82f4-44a8-9601-3f50cdaa198d,74893
87a7f44b-c4cd-4b8c-a143-731a54dbe672,6373
aaf80e0f-9c7c-405a-a76b-357b5d0bd49b,72596
d51e0975-3a11-4c42-b7cf-313bd4c3c417,30322
e2a6936d-b50e-4bd9-94c1-1187a2ac3a70,37560
b3928478-5409-416c-ac89-9116547bdab4,94409
e0daf35d-d7ec-4446-a54e-7a4cbc5bd481,84396
8feb15ef-d34b-4a44-bc2f-eff4ebacdfb2,6051
e369a4ee-e1d1-4fe6-a98f-1cb412216904,64425
0fa8c246-e719-4ece-bd3e-f8a5d40b3714,22121
61411607-34e3-40db-abe1-c843180abe5d,53755
ba608b90-e587-4e94-9c35-2ceac51cb29e,75873
b1088272-06ef-4e72-9c2b-89128e6fb056,92490
6fa8cf0b-a8e5-4a64-845b-fc63dbe24542,32218
1622cf0a-bbae-4431-a9be-17db20a807a8,23172
2c9fd643-95c1-4fe1-9825-cd832c3abd44,25821
24c1cc26-868d-4f93-8b6f-4d8b4d81d1b2,66442
592a3c2a-81fc-428e-99a7-5b1b5dafee76,63223
ab6dd9f5-d24d-441f-944c-721b96a3fbea,99432
9344b167-09dd-490b-a9b4-9da52d0eea3a,31388
57a23c6c-bf3b-4d50-a620-1766718f48ea,87557
8e360157-6348-435f-8b3e-3f8edf96ba4a,82853
6ee16ca7-9f2d-4b9e-b744-0f5f4a5de898,58362
19b0dd80-f322-409e-8009-461168399aed,37375
aab38946-7740-4832-8fd1-354bff1f836b,85955
bd7ff8d4-5ffc-4e31-af01-c9096154a081,82284
48bc0712-8339-4e03-ab13-2e1fdacf15c1,27702
799efbcf-6995-442e-af87-21ea5a476121,4846
8489e790-36c5-4514-a1a6-c6ffecafee64,98940
6751e844-9511-43af-acba-142f3882eefa,735
5a23a4c3-7f5b-49c1-a04d-cfbcaa7eded4,1175
d88f5af3-79c0-476b-ae14-614fd99cd5a7,91560
c57d8d74-b064-48ac-ad3a-444304989015,38674
cc6f2006-fe06-4e14-ab78-bf4b51b9ffab,21597
ea119810-535d-4392-bcee-2e6e0889b548,4456
5f216bd8-7e16-49c0-8dc1-1548e3f152ba,55901
57bc7367-ee09-4d13-86f2-9a51777e046f,88598
592b3e66-857c-43aa-8d7e-a5d91aeaedec,26599
52fb2121-d8bb-430b-b9a1-432e3c2987b6,84697
df426530-4440-4cc6-a79b-47a58d53771a,7159
5f94384c-5c7a-4d62-85fe-5bb5c1359f3d,30138
871c7183-4c37-4fde-a424-b172322dc732,90929
f24b0df3-3c80-4d2c-a363-cd4cd322bfee,16267
8eda0fc7-5a58-47a4-9b47-e0dc8cd75f03,43366
9659118b-f652-4361-b1a4-cd32f0c59248,96237
1d78a00a-de6a-4614-83e4-46551941ff80,49183
a8e3f5fa-6cb2-41dc-a010-d093d83aa4f6,12480
de0231bb-bebc-4e96-bdc7-45787202ed6d,60745
7414371e-3f53-4c18-a91f-7340e84c516d,80988
e998c024-8a3e-4788-a968-2d1a37198f3b,44913
9d9852f0-8242-410e-9d08-d38a2ac180f4,27803
2a560fdc-c0fa-48c6-968c-80f5582aff49,81892
618f18a7-bb65-48c0-bd10-219fe140342a,30821
0479db43-e87e-41be-86bb-d28257eee462,23513
7156f6be-5da4-4bf2-a723-5f6cc9769ac4,50793
03a5382d-4762-4927-b4b8-3e03bd7db0b8,40124
27c9c8d3-4f7b-4cf8-a34f-b64d85872359,85185
ef0b0076-565c-4d19-a025-33cf525c4743,41987
4526fb7a-d67f-4ab9-bd93-1c82662f0574,62751
73efb168-848c-4937-ae39-eab212dc1b94,41050
92b1fe65-8e6f-40c8-96f3-4f959d39cda9,50327
d8d88cfd-e42e-47ee-9583-db8d5666c9fd,24136
45548cc8-bf15-469b-8119-cbb29f7ca495,55434
6b2f5046-5135-40a6-b16f-ba81f2418963,70367
2f302cc7-37dc-414c-ba59-0e9c95721194,83281
7b76ff0b-02da-4385-b597-eb49f5f2ca44,13659
127a4fe6-b450-44e1-907d-b8240457b245,94081
e5f8fb1e-3def-466c-8819-d34b29408f66,26506
09997897-75e2-4cd2-967f-44a94e5fcfef,42557
23b6eee0-9356-427f-a7d0-1816bdf2eea8,45179
fe74877f-204c-40f1-8746-00dd1b5665d1,44593
1a1e07aa-1d3d-48a3-8a6a-40bc34ee1595,2523
8356e3b0-1a40-4f22-bf39-2e5660b3b8c3,87627
82549270-634b-4666-8372-7d73cb7aab63,93443
02c08177-ed53-4c16-9d9a-971c51feaa2b,85101
9fc67930-459b-4909-91f3-0130217bc646,82952
a7a40d8d-fad0-452a-b71f-cd77e3939141,1887
9c4a4349-720f-4ca5-a6be-c22125fc309e,67226
96850a98-723b-44af-8d4a-a1a5be01aa7d,8731
caff4a01-5a1d-4d61-937c-7ac3d489cd98,58626
2bc2b85e-c4ba-490f-947d-99f21023d619,50109
5cf4f9ed-7d62-4229-ae37-783b528f91e1,15588
9b844496-cc56-4aea-8a40-cea80528ed75,28206
374aa1ce-881b-40b2-b2be-21cae762368d,16214
8b9e6b8c-2c09-4e72-8d85-73d4381ef64c,62942
72faa114-2250-4a24-b03a-aa452c59e792,48831
c4a77e50-c901-44b7-aadc-52bbe823fdd0,65164
50b4b4a6-a004-475f-a573-34499ee70f9f,68667
3856c2b4-bd4a-452d-a20e-88720f124a76,51616
1c0c9e1d-620f-44ae-b1f4-10da7bf70b76,2799
4e75dc9a-2de4-4431-b28a-6ff2c43e88bb,83028
1c26ba96-c696-4034-93d3-313c0426ec4a,80622
59c85629-dc44-4229-95e7-022117db82dd,9494
9d8e730c-b8e7-4c53-aa0e-af27467d1dc1,62869
64dc2a2c-8320-4f7b-9517-0e741e363301,18014
3dce98b9-dc52-4f81-b2bf-0f8fcdd16d1d,87484
78d91781-677b-4adc-8aca-5aaaa174c0ae,8583
307f46f5-05f3-458b-8538-49af956446d5,29396
b7829f58-98d9-445a-9394-136a5d01a98e,25765
65189a24-1619-4dde-b6da-2239dda8cf30,54045
eb510f96-cc6d-4a12-9c3f-58ca8ed37b19,88658
bed039a6-0b4d-4804-a001-7815604c1000,63648
5a1e7cff-159f-4ed5-8de2-46e3e2efd069,89991
d28a2eb1-de4f-431b-b308-9d413bb1c0a8,49617
8457f6c2-9b54-4e1b-9a5f-3479b74913d5,32458
4e34e195-f66f-4e9f-9c9f-62945401747d,3155
8803ada5-d62c-43bc-bf6a-391ad6b055c8,65625
3dcf117c-df16-46d7-9186-c50e6b894b61,11006
56fd8605-73bf-4408-80f7-ada7ae147ebf,53645
33a8dd74-321c-4f85-aa57-afe03ddb06c7,6036
c390faa1-a750-4c07-898e-da2a258a1bfd,96173
6cb1d097-7d39-4e7b-b49f-2085170afc23,84825
0528ff38-f3c1-4363-9578-fe5f9b8fff8c,60064
42371cff-d451-4fa8-a652-85aeed79d37a,94185
921862eb-77a8-48ed-900a-15afc0c00732,36428
08ecd43c-33bb-4565-ba86-76809303b343,78960
b0c72563-b366-457c-905b-1ea1e63feeda,47377
29c74a50-0ddf-4a21-be1b-eb85e6c5552f,9433
be93d91e-b83c-4740-814b-7788a43d7fa9,71541
7b475260-9305-4136-b596-684ac463bf9a,34038
53eb5dbe-0406-4240-af5a-fee31719ab3e,49395
392a0c3e-4a9d-4bcf-82f6-91335e46dc08,43037
cd1ea5ae-3de9-4ce5-95d8-75ef8fd0f35a,56093
757e9989-bbfa-4cd5-b061-ab76292d9409,93278
5f8bde3c-0c3f-43fb-a386-4ff671e0119d,11124
83c88114-a8bd-43db-8c9f-49ddb0f679e2,38709
947537ab-6260-40c8-bbf1-1e8b805a72e3,77807
0dd77ed6-9622-4205-84b6-6fa1e216fb48,61905
6f5a999f-bbc4-4cf6-91e3-729775b2435c,76347
c24e5a95-a268-4998-8bd7-17d3c6cbe93e,82295
c849a84c-b695-4ae8-8fa7-ba14ad40958f,19598
a0ceb22e-b614-4a8b-923e-9b5cf05123ba,71040
9eb05b2a-df56-4de7-9151-3ab641c65cb5,31968
307802ab-00bf-4ac5-8e56-4eca1b86d683,37425
210374c5-45c6-4ca7-9220-4f98b79e4046,80771
592acf39-b9df-45fe-a90c-1d6c45cd8314,7288
75b96214-3e77-4551-a4eb-e2c27540bd0a,18742
ecdafd9a-5400-45c3-8b8f-735290bd56b2,2760
54674dec-eeb5-4145-b284-fa4ff90e6e9f,46042
2b171d82-2ae3-4c40-87fc-146408bcda05,82432
a72763c9-5f21-40ef-b34a-75f3d77e1053,72120
db54f261-77ce-4c8f-a130-c17c3f557396,10978
6e4166d8-f53a-432e-adfc-5af453591018,72509
6a881b70-5fda-4365-a1af-447ed1b9c04a,44528
1cb56f3e-1d33-4f9b-b5ef-f64153289bbb,68731
077f7926-bd99-4231-b935-f94b1c75b319,50839
605770b5-d256-41b1-a5ab-105b8074f5f6,26901
503bff5b-c07d-4b03-808b-b82b0dc58759,25251
3ad7b9f2-92b0-4e99-8b3a-f495197e7537,94981
f0c443e6-6d3d-454e-b4c7-f37f049de4ce,23365
4cf8a702-19cc-4151-96c3-f236bbe6968f,15880
1c1e3d2d-cbb2-4e6d-bdf0-5c5645a2d076,43262
97be1f94-9f4f-4dbb-b310-8f164567d706,65986
b8e9f3ad-3600-41d7-bb35-525b0de43d9f,29528
9229c656-8a3c-42ad-ac5f-92b452c2fd31,91931
ead8324c-4039-4fb7-95b4-d527dcfaf829,37754
b9e3820d-3b0a-4d14-8b1e-55212b294144,40363
f6afe54c-12c0-4f3b-b07b-1209716e1013,59889
a03bff23-c9e1-430b-aae1-f1ac73afd168,45271
af1f3d6b-913b-4bcc-81f2-0ee39cb0c87a,96803
ba2031b2-b751-4729-9255-c69e89e86d87,90374
5d636687-649d-4d8d-8572-646753631b35,50638
84894fae-1efd-4192-bf6a-de39e306e26a,43133
ece1701b-968e-4410-a764-df491170e10b,96395
8de5eb7a-9600-4101-ae0b-f1ac31852d38,29019
a6f4d74c-5652-46e1-95a4-944ae20e41e2,22521
9fc4044b-6281-4dc0-9866-3d70558df7dd,96134
fc0050a9-ae5e-4022-af67-92334232f254,37956
d9e70fc9-7e5b-4c28-92c7-a3dd1ae403cf,14243
208d10b4-a44e-4663-80be-5278c37c3cd0,92563
0d2bf41b-9953-4ebb-84df-3cc71fa7a0c8,5825
081559b6-eab5-4e23-9cad-7e18c0313fc9,3166
2638d682-74c8-4d51-8159-dd8213a81c03,51678
a45dec1a-aaca-4d92-a845-b99024d335ff,41573
17f36cf7-dc69-4c01-b6cd-73a754cfed8f,99474
05273e0e-adb9-45a7-a41d-88be08425f64,41381
4d7da6c1-791b-405d-a26a-a8f0721e1d96,41502
88b087d2-f7cd-4141-95c6-cc13443e15b5,4261
07fbc442-a55f-4338-a685-a90a9f62ef8f,55727
f7172391-0d38-44d3-a74b-1990fde9eaf0,67396
3f3466e4-9934-4dd6-a539-59c84fbd6f36,67216
e5e22b56-a3c6-4212-8b6f-a21f6f546d6f,58801
fadaae48-8846-4c7b-a6a2-642cbc1d83de,90614
03059802-d5b2-4b8a-a544-232095ba3fbd,56727
a711d107-9b62-493e-b418-76875b5df5ff,35691
f81bc96a-f158-4152-84c5-8084024c0627,6009
1f13701d-8bd4-46b6-b04d-0e8563d1f5f0,65136
299015e0-7511-471b-91b7-69e3316c1c14,42469
cdb9f226-dbaa-4c5c-9d52-598e4c568a72,37875
b7b76f56-96f0-41de-95fb-48abb8b7ef61,33108
048b323a-cff5-4dc1-b994-1dad4d4bc369,93906
ec930e95-09b1-445a-b197-f11b02b38c97,34403
5c932308-3f60-4650-b554-25a4ea719cb3,49592
93d52a37-fbf9-46c0-8b21-afb2a2866a04,95514
d4570f39-51ba-4dac-bca0-8fe04324c91e,32235
a2fe3844-d78a-4fde-8f45-d0f768169f5d,42052
ff0d700b-c486-4290-9762-6635a85bfa2c,97543
1c7f7527-5084-4e74-8862-e1e585974006,79337
b054d687-e228-4625-bcff-10b4e225a56c,26440
6eb7e75d-c03c-43d6-b89d-8a2c5bab1db3,10288
3ba68a70-b821-46e3-930f-f81a73ee089c,98661
9ccc7c1a-b9bf-4db8-8725-fcb618128fc8,88821
cf1e866d-c3d9-41fd-9a03-6ca61a1fefcd,31706
b3fed7b3-bbf6-4cd7-8509-790881b09ad6,19857
3d51d0a1-97ab-4a5a-b4cf-ada09922271e,53001
b3d526df-08bb-418e-aa14-ed7d6d8497bb,21726
70fbc383-7908-4092-a2a5-2fe3ff987f0d,656
6c026113-d685-4618-9539-91a6fbdf70a4,93471
7c8170ff-eb0e-4d00-b013-c328c7621542,85301
15526025-d9d5-4c3a-9a58-c918682e0d6e,74178
f3a2553b-2fe1-409b-96e4-1042b7704c65,67229
76957f0f-1dff-4c26-be47-2d3926e5f03d,54822
751506bc-579a-4161-be50-c89ce0434668,60555
e036cc9e-df11-4e6e-b62c-0e85c00482d7,84016
7e65b349-3056-4bfc-af89-99d9800e2477,460
d7bad4c9-12b3-45ea-a77e-d2b77caa25de,27532
241f7e9b-6dab-4189-885e-daefcad2e2cc,49365
49410039-3697-43f3-a37d-35df1814c216,23668
2b2f2418-ae67-4405-bc89-681fd1e19e77,26943
d006ab4b-5405-4f2d-817f-aa5ce5f5f65c,14465
59fb5dc0-c891-455c-8384-0dfb913c2e6e,61734
0c064df6-0f2e-4d25-ace8-e8c1d2f27b64,22796
97d9d72c-2687-4cc0-8853-f6660c0f77b7,48768
26398d5a-511d-4761-be5b-2c4468684740,75211
29dcc163-ef55-40c6-88ca-55736e5394fd,41524
aab5771d-4f02-42ce-9ff8-5e73db7328e5,22811
1601a615-96c6-4427-9553-d1b8ef52e52e,37506
6e74603b-b233-4b00-a111-9f25b50a85f7,42936
db449fde-38c1-43f0-b2c2-f5b1b14ee46a,4442
7c486265-be7a-4787-8bb3-cd668d4e742f,60256
1c7da70f-13db-4f23-8b4e-9d63efd37d53,2017
2b95ed3b-2181-47b8-9a2b-f3cb0d184b7c,33624
59dd7caa-6d9d-4300-92f6-ee33002eb819,18286
46cd9f60-dddc-4d62-a75b-dcee2316cc19,13982
42473c6b-eb78-4c0a-90b9-9af4756fb5a1,54111
9fb1befe-2fc0-48fa-9348-3cb6a0748484,16859
c9f96a76-fcbd-4e0a-8fd1-9f811841035d,50599
4d01fa66-6c07-4cd4-8511-9c4728e17a3b,54097
bef46a7b-2f3e-4aa3-9cad-a5546d9ae79c,93187
cf1af001-115f-4be9-8fd9-0335fc50cc91,18281
bc694921-a7ea-4dd0-a76b-644247574ffe,50223
5eeb5f02-d8c2-45fe-bb3a-2730076eb26e,59300
3cc35ed9-67d1-4619-b9d0-a864aac73772,85467
5733a097-bfe1-4994-8715-c2d443533f13,81548
ad95d9aa-93a6-4a1f-a095-fa907d34d2db,4768
37e82668-70f7-4d1b-951c-ebdaaabbad2c,41757
c2b57240-1a00-4496-9de1-fe834ed52430,64214
d5ae17c9-1ef7-4013-9f3a-ea22ca4d6440,12920
3558c719-4b6c-4de3-9c36-c29dc55327cf,93684
c101a6b1-4f46-4644-b300-77386d4972c2,94759
8b63c093-5d87-41c1-bd91-a8e85e64c477,60479
59a5ba8c-791a-405f-8daa-995dc9ee62e5,10132
92639d7e-8bbc-4aee-a095-f4d7972795a8,2767
e95c84b6-c504-4957-97c3-c96d8e7c6ebb,4537
38da7701-2a66-4d83-8328-7462a1e9c3ac,6284
5ea4008e-fc03-4eb9-b3d7-73558bd3f58e,76231
94b32880-40e1-4d7f-a482-fef939adaafc,67294
0a1dd302-e392-4454-b63a-dd1c2221554c,35452
45ef6a84-b32d-4a59-84cd-9f0b5a9fe7a9,70722
ce1a0df3-3559-4cf2-86e6-fef84971e348,79176
1ac9e7bd-a98c-40f8-87b0-58cf54d8047d,55094
53880b8e-cc42-4d6e-a41b-211c8a36a4fb,72976
6629d7e0-4397-455b-831f-e15500165beb,49031
e8afe43a-e4df-4d56-95cb-c773fe7c3dc6,60226
a304eab1-9b33-4ac6-8270-570b986b17c6,19298
c1df264e-f14f-4dd9-a0d5-888b530ef00a,90164
d8fa00d2-a5e0-404c-b62a-991bbd71c341,26770
9d931c21-9209-408e-8700-20eeb8eadd51,53104
3988abeb-611d-4201-beff-f536ec4ed6bb,83857
facb2a0f-2e64-471a-9b5a-93f673b28111,89172
f4fe57bc-fedc-48b4-b619-9c5667150256,78576
4de8d362-cb02-4c4b-bae5-56e79181f062,1575
acf5afd3-19b7-4030-9e9f-d87406c2b29d,7312
9fe7b936-b2f9-402f-a1ac-0a5a8c148f4b,27918
02623538-a986-4ed9-8747-4c4934db31c6,96654
c6fb2747-4e1c-4f37-8ecb-880a4597ae83,88102
f6208311-31d6-41c9-8be0-f20c416b16be,1344
0fdb0658-4cd5-455d-acf8-eecce55de63a,27445
c3c4ce2f-e291-45b4-8dec-1f2f50e5bdb7,958
e32c380b-71f8-469b-b2b9-7d3e6fd4585b,64164
690ad8a7-66e8-4680-b8e7-5c24cfe29be1,50077
ad72f903-8ed6-463c-a4a4-e4e66d83f64f,43188
38ea75a6-8bac-48fb-8d57-8a52a018eb8b,41726
35e30789-d334-46d2-adcc-f9d5b503cbce,56004
8f72fa1b-4107-4c0f-b807-8e600effbc5e,55015
d89f172d-eeb4-4401-adc1-c69348419887,16016
bb20a676-f6dd-4832-bd2d-65330fa0a560,59547
1e6e7b6d-56b1-4760-8eb7-c218ed5fc632,27856
93ae8d45-099b-4fab-a685-1e7f0892aeb7,21122
4bb7d580-4fd6-4de3-87c8-53c6ca06d49a,52771
b743253a-1213-437c-88d1-426f911d4083,36649
0873f7d8-f413-4577-babc-1d1ec5852053,92373
9bbda664-d6e2-4a11-9d61-c14d8feb9b73,5289
2cffee80-083c-4146-a8d9-dfaf9bf1299f,59810
2eb98bfe-b4f2-429c-998d-b68a9f1649fa,21346
d90088ae-e768-475d-96e1-c3b37e8f84aa,69642
dd85b028-a23e-4d5d-803f-73c73dc46a1f,30239
42084fdd-2646-4dff-94b4-ebdad2485399,13449
005599fa-f961-4c2c-bdd5-a9255fad2510,87057
74eba9d0-bc33-4ac5-877c-4deb106bb249,64179
7610241f-6ea2-4966-b182-6c742e2f7f58,99266
b3df0433-c037-4a40-b84c-981e34dee324,76818
045b62a7-c55a-4e87-a68a-4bc91c9968cd,97392
1416d8b7-6577-4906-b83e-f3358411afa8,76846
72e673dc-c92a-443d-a464-ee7c678055e8,26690
8230d55c-c3be-4a68-954d-0d1d0d9ed86f,69919
813c83e5-a611-498e-9dfa-3a0b7e3c946b,85431
5699b009-5ced-4af2-bc69-92ef84c0701d,8904
b99257c2-7e1d-4715-b54a-f20464c31780,77567
da792af6-a27f-4494-909e-bc2f068aea0b,1260
398079cc-a693-4586-be8c-a9dd0de51b4f,91651
09cc700d-ab13-4706-bf64-bdfaa5247f40,16909
bc4a7255-ae34-43f7-aeff-4e5bb560fc25,24633
8c1a4c0a-85b8-4a45-b08a-6c0448e122e1,56223
edf243ca-2754-4413-8301-8d54f6835e75,89215
ceb0517c-4564-4600-81f2-aed445a1a158,3479
d8cc3cc2-6c03-4a7a-9a68-5d042eac0100,34980
aa371d8d-c9b4-4803-bac1-a10b5b426b5b,19911
a0943fb3-ab5a-47d7-a247-d107f00d72ee,75584
0193f361-33cc-47c8-8da8-27b7e4976a7e,9601
2fd6132d-c496-4a98-b5d4-949b4e0a3200,82113
30b1c6c9-d47e-473f-8970-2968a34e0d8b,74943
e0c45916-f6c1-45ac-9867-500fbb420e97,20967
3ce30660-946a-46e3-88c1-0dfdabc03ff9,64932
69d5e372-fbe4-4251-8698-6f189617adf7,55113
bcb131b8-55cb-48fb-8290-349ab8beb15c,261
feb991c1-b3d7-4b6f-bf57-5425cd1e8ef1,48540
9d33720a-9f17-4916-b659-96c9d6a87d4b,43547
356ad984-0642-4408-ab14-968a8a36ed45,17015
9a42bb5b-221a-4df3-828a-ca66460acf7c,79604
515cbb6f-1cc3-4874-b697-712f389dc8b6,31433
db7f064c-5db4-45ff-b273-161f864d4496,70573
0ba925d0-7350-4aa2-b444-2b0b56938ab5,67521
99681b49-23f5-4e98-9a03-4036296707d2,62691
cbcdf59b-08d5-4bd3-a39f-6e72f79167f0,2300
71622715-3b37-466f-b984-20f89420ad63,64411
6d61e874-dc8f-4d06-b449-ccd482e376a4,58478
a51c860f-9157-42e9-a431-b5824c4f8bba,20991
f7e5b721-4c0e-4ac9-be7e-0564cd23e13e,91637
b5a43578-dc09-4b30-9823-f53089452184,52078
16af4938-28c1-451f-a8f2-68e4415d5312,66993
752dfe82-ce2c-4606-ad40-cabf595c3f16,94351
e87c3ff4-d62c-4ad5-83ad-aa11809beed0,78694
c499fb5d-37c3-4226-aa9b-c27db4307288,3951
bce4b85a-b491-410e-a201-ce506dd1c368,1359
74489b13-efd6-4161-b42b-ec766753d674,70574
d46c2c2a-e2a9-4082-8f88-6725806b5574,33028
760b5986-69b0-45f7-92a2-eb0f08b61915,60826
d56e47e3-d7e1-4c73-a9ba-ff0fd742718c,69348
36d8e0c4-dce6-40f8-af13-cb7a39d95367,56147
c36cf692-d079-4d64-b015-421dc8cf4149,58041
ac1c6f0f-5a68-4e51-8183-fdaf5ccc4715,3086
c7187f51-9da7-4ac8-9d6e-1d34c9767690,51040
df015b23-7bce-482d-88a4-7616bdaeea09,87864
79519ca2-3652-4444-9c47-413588b5f881,98857
4afd1bad-8667-4f04-a970-a569efca6edd,73975
e3f904dc-f94b-4b1c-85f6-1c4effe422c3,10638
866f118c-fb93-4fb8-9906-9693e6eafd53,25966
0fe68490-af28-4287-9d54-6e3c743679fe,47476
f667d4e1-fa63-42d5-b462-7d7c6459ed77,47956
8e960c61-b5dd-458b-b5c3-91cadedc998f,28806
d66fa87b-4e3e-436a-a410-7d0e3ae43644,85134
ac8ff6aa-a061-4dd1-82c5-1ae80cf3b644,80780
325d78fc-c397-4a9b-804e-bec6022d1dd8,50878
e1645d62-cab6-4e1d-80ea-db3196c61e6b,55482
cce8b74b-3268-4328-90f7-c8a4738ed41d,47022
e256fc52-68cc-4d59-8723-677207cf5083,16063
25cb841f-c965-4403-ab76-9559a01a620b,63416
872d24ad-78a8-4c68-9159-e5acf61ce8a8,88780
58beb4f0-88fe-46e7-abfc-0ef2d29a6ce4,51837
767d2732-969b-47a5-8444-a025a27c0507,73062
be72d636-27fc-40f6-b1a0-586d63a9de0c,96687
3fffc2f3-0c1e-4819-8ea6-90838d27f1e7,18040
ba3d3be0-2dcd-413d-8487-03b86c1e5157,51457
01934dde-1ad7-4ad6-84c8-494670c7c586,77283
eeb2aa35-0cf1-4972-8c73-ce1095516543,37534
378e6d11-7a70-47e9-97f4-ae83f0266108,60936
17e23a9c-bd10-4db7-9b0d-e5b9e281174a,42900
52eef63a-cdcc-43fa-8622-e596963176ba,6912
84503cd6-8d95-411b-87c4-a6a347d01e25,99278
f32cc1db-aab3-4939-8859-34aba95df2d6,14807
f8bcf3a3-7d2f-4065-8bbc-45729171c0eb,6601
78f34512-3c8c-4c8e-a5f0-745bf957c318,20349
551fa939-3ef6-4f6d-948e-b13b690482cc,1451
b1e14d5e-897a-4f35-8c33-cd62e6aab0ab,44429
fbc5c649-de56-468a-be94-09dd6bf6ad6a,74545
7479cdb8-c5fb-46dd-8476-79b851e71f1c,33928
99175d02-3d98-452f-a869-69a71c2b47a4,33190
d8be2e2f-c4bf-4062-aff9-cf2b2955ea71,33469
b001bfb0-9e83-4a4a-b35a-0f99426df9bf,55994
e16ba10c-ac2b-4222-8b59-31cbdaae3983,85429
13f959b4-0649-4bb3-b476-30ae6897be78,56296
7f06c74a-88e1-4b03-9f94-537ed93e34eb,33749
569bfd41-7464-4bc5-8d5f-4b34a8810d98,2121
d7e1d0ba-4bea-4b1d-bc6f-b2d448393b79,31585
9377a448-e25a-40b1-8954-76d1223937c6,59571
09bcd77d-d501-478c-b6f4-4a852ad3f42d,58559
e9eaa05e-199c-40ed-b137-ef2259d5db98,77646
57a57e7c-5c04-41c6-9a1b-cae7a5be31ae,72990
2ef4e4e1-547c-4944-af0a-e1207a3cff61,12744
22cec259-b488-420e-8404-dddad5969f70,50660
5db65735-599c-4dcb-8ab0-d7bfa8262915,8368
e1953499-44e3-4e20-9d03-92c71fce6ae8,77151
659fbd56-98ba-49ff-ace2-876cd2db21a1,39302
fdd8543d-fc92-4e06-b914-dae659284fc6,67509
958643f3-cf38-4767-95a8-b3f3f2fb27cb,78396
25c4e30a-0845-45e5-aec4-8e099aa62bb1,81814
d1c6942a-f983-4fae-bf94-7a59ef1c75be,83388
9499f2ab-888d-46ae-acec-25c1382c4c70,2588
d89d0799-67f7-4a8c-8a57-41c0e4d771d3,97684
d0b7912a-0314-4f4e-b274-7580a1091af4,13176
904a4f77-3224-455a-ac72-ba3642910f75,16257
9482fa87-0872-4f95-8d2f-9b85ecf3c56b,10484
090fab5d-ae32-402c-a679-d7b0565eb019,92594
57162c2f-6673-4ffe-afc9-68832820c9e8,792
f5b20c3e-7be5-4f3a-bab7-8347d79c5909,76091
3b27ce47-820a-4bc6-9102-91b246cc7734,8988
8efe3c31-54f2-483a-be42-2820add788c7,40506
9123e816-cd13-49cc-bd4d-8fc93f7fe507,66940
cb690caa-13d0-483e-aab9-fe5f2656e68d,48032
d1862e30-91b9-4137-ba99-f4824efeb8fc,30925
3d4437a9-450e-4a2c-abf6-0defb935e0a9,56480
04001f4c-3357-4309-aa3a-30a30027658e,45506
4068676d-8e8f-4ca4-b325-129ffb6856e1,66569
2996b4b8-0622-4642-b5bb-4021f248812f,66878
eb63caba-ef7a-46a8-a555-8107326480ae,64736
9d36998b-1a66-4dd2-8ccb-1ccc18ad94fe,27193
cf973e89-ca69-4a57-b919-614ea779a400,16146
26090c3b-32a8-4463-91f8-bd7196273856,10652
5a9ec08e-8436-4cb4-a615-e8aff13c1619,69311
815d1c56-c562-43f6-9ea3-fe3cf9afd87b,78357
024ee539-541b-4fea-9a18-5433e8a48245,9503
0d1d3d2a-ff8c-4139-8d28-2177c3af6bf7,21536
0c81dc1f-1bdf-4c73-abd4-fa711341b849,8021
44a514fe-d65f-4427-997b-7bf618696504,39975
3de69c1b-590d-46ab-8f5e-bbd349b945ea,81511
218a3703-0518-48b7-9faa-6490343fe366,32561
b3a2f234-11e4-4360-a24a-041216b0f7a6,46422
8899da7d-bfa2-4ac5-a286-b379afe0624e,87589
3e86e585-2001-4509-9ed2-dda94ce20cea,89286
8c080cf9-eb0f-4dfd-a100-7cfbb26ac0c0,19714
4e84423f-67e2-4868-92e1-3559fff95da8,82739
39372cfa-4337-46ad-8643-da96166f2ccb,39626
95abd24e-6417-49b1-993e-52243b91edcc,31951
495f3561-4106-4382-9907-a64b350ef970,37531
ff55e9da-3e65-4ca2-b656-92502680b1f2,65165
5de82519-547a-434e-b2d6-a34b77c44f52,51687
8e22a1e5-e03a-473d-bb3a-bf112fe20922,51383
e13b837d-6f20-46c0-9e28-937e8bc8ea5e,64920
f51ae5f3-ee68-4b28-aa4f-fc9dfc986877,22924
30be191b-d857-41c0-ae7f-25de4ef05082,10310
3e2b85f4-5a92-4173-a77b-ecdff5f45fce,15179
8d2b1e82-51a3-49c0-8e4d-82b72b560ebb,69629
1e530e28-e4ff-40d3-a1e5-dd89e71b7c36,42002
01a0990f-8697-4368-bb94-19648c850e3a,71985
60afbc1a-18b1-4988-9af6-bc50865b3d90,1333
4e27bcb6-a693-4929-aa46-324a5ae93769,34341
4d5fc382-1a4b-43c0-ae79-b3d16efecf63,6031
d3684097-8351-4ce6-8236-0f17206dc89f,70087
eef2fb51-7d46-42ba-8775-5cec45de6925,35447
05f88242-8233-4a13-bd4b-e02cb4adbc71,39910
28dff50e-62d0-4753-a81f-1389133a6439,16046
cc4574b1-2ae1-4032-bb9e-05a33dc50ee0,24095
05a763f4-c0a3-4143-8eb1-eeceae916472,82680
99fd5e20-cdb1-499a-88fa-e46137d605ed,99075
414280f9-59af-4b2d-8530-0bd0fca2a377,40939
fe293bee-9b41-455e-ab45-40c717947ddc,54040
83337858-2df1-44f6-be30-2249ef929f1a,44859
666a9f4b-632d-4598-8578-4d02dafaa4e6,75363
83f69ce3-1c41-4106-a192-ae74de56e645,89940
eb5316ea-cc0f-4d57-9fd8-899ba6511dd2,76717
d47109c4-9e1f-496b-acf6-7b3ab205259a,76423
a17835fc-cfee-4f33-8e11-dc281c271473,95116
2c555926-6a88-4283-943f-0c7ef69d43a9,23754
18ae33f2-9d9f-40fc-a23b-95f0262fde2f,13553
d03ef045-1dd8-4c3c-9975-8bc81d298151,74283
4444c976-1ab2-48f6-b5eb-34298d0e43c9,40137
21d01993-ccb0-4f7a-8ae0-15bacf928978,3137
b6f67982-e850-444e-b6bc-b057ef20eab6,42485
6846a6f9-0ddd-4b94-8523-5459c5485171,21667
a25bfcd3-454b-45f9-a152-b4780b3699c1,42059
81753ecf-7cba-4307-8f81-ed951b4a8c4c,5475
d78011c7-0041-43a9-9723-9f0c46eaed21,93568
f96f9361-69d5-4a96-9afa-e1c1af263ad8,14322
ab0c9eb8-0dab-4b4b-bfb1-77260464c266,65297
89610fb4-05ca-4087-8905-929b9ae50592,69948
af96b74f-0ee0-464c-a7dc-e138716973ee,68985
105d4678-990f-420e-bba2-8bbe641fdaa4,19341
aaefdf23-763d-414b-8fc6-2b10619fe374,51476
c665da0a-f266-440c-bfe3-7fc45f02c496,88079
98d452e0-bd06-48b4-a2ed-fe39ae295bbc,41987
d096536f-1613-4f72-94e9-c17979646236,46367
0065b76d-40c9-4a98-bbcf-d1b242662d47,92326
0a21ebee-4416-4f43-b7b7-137dc0730e61,51243
eb0efed5-5f28-4ddb-992d-5e9b92449501,47957
3c225606-d9e0-44d7-8d09-bbec12a2c680,57720
f2c27b5a-77a1-4966-a906-cb89266c0054,75731
54389eec-85fa-489b-a0a3-0c46d8518083,86397
bdee1188-ac89-48d6-9115-4f188fe9ee80,75057
53d2770b-a6cc-42e4-b3a5-0cd4141cfafb,81166
99b5c497-287f-4ff1-8b39-89d5840cb377,10944
70fec478-c590-4e2f-9dd7-e611b6d10b0b,47582
4b796e4a-f953-4da4-863b-d22bbab19bde,52330
204be9ce-0cde-4e1a-a913-4f90cca1d674,23449
39a1411a-16cb-4fd2-bb89-895c1a041144,84930
bc9ab9bb-7f5c-4b67-878c-7ce384b4dcac,81602
15eb013f-7a66-40ea-88ff-9f6025632483,71595
6e92a327-35ec-406c-a9e7-f3d0b7a0d9c5,53904
64c54ccc-77b7-48ab-a2c1-abb429b19ed1,54888
b5f0898c-9ba9-4b52-a4dc-b8c2ca8b2e1e,32060
42a93d68-dc41-4a9a-a35a-540073f1cbe4,62592
fffaeacf-cebd-4ddb-a344-e7df11c385ae,51999
e658d0ab-735f-4ce9-8726-d2202765ae6b,31042
8afb27b4-fae3-45d6-abb1-9e500291265a,3121
d72d1a99-90a0-4275-bcad-62ce8c7ea2b0,15928
0719a310-87d1-4f5f-b4e6-b816c85f17b6,73903
b7357edf-aec9-4326-a447-aaec97831b0a,68580
39a483d5-415b-4ebf-98a7-91e9733b6f7a,45893
84c3d0cc-5115-4fff-83c1-b5e125a42981,73717
31dc9b1d-648b-4700-ba6b-bd85174ace7c,42010
05764458-7996-479c-a7ab-09ba87669d3f,85024
b34483aa-9076-4ed1-9405-4aab4c0fdc91,5409
b201ee28-5111-47b9-8ed1-ddd60256003f,15124
37af4734-32ae-49b0-8c66-ab6bbb8cde81,56999
66e2af7f-3a57-4728-a844-3f6384a5f3b6,42272
3a101a8b-8052-4da3-bc52-bb2293332c38,2559
1817988e-b07d-42cb-af82-70145a98e8d3,34137
a1ac123a-a347-4f35-9c78-981bcad10bfa,20375
34f44865-8787-43e8-99d3-80efb217bdb2,22907
e5562892-a1b5-44e9-8602-a0f67274f267,74810
a9461ef0-51f7-4a0d-86b1-c22484f65f4d,37103
91b5e7d0-9e72-4968-b905-5ef26739b971,92675
d4215bba-c94a-4001-af0f-5e6057b1d393,47027
9bbb112b-088c-4c66-8aa4-c13919157ffb,5965
22446b95-654e-45ba-adf2-0f482f41b914,33249
2c397839-bfa4-46a4-892b-951b1e959ca5,45199
ec952f57-e952-4b14-ba71-8ab22056a911,57369
bb1e05a0-98f9-405b-a915-b288abb8d848,47006
ba5ce3ed-495a-47a4-93de-83eec1036615,34827
16e9c650-ddf7-4f5b-bbeb-090f6fb4edcd,28600
0aeaa55b-2a82-4c25-8080-007335997b89,26308
800eb895-a33a-4050-9663-aea1efd7e95a,4014
8db3cc33-a4fd-468c-9e44-4e1624a613a7,77989
b73953d5-0eeb-4e68-865b-41105cd64460,88820
65840cef-449d-498e-b6db-f3b31a35ffd2,88352
09c82317-6651-46f9-83b8-9b539b2b77a8,29366
5bc3c1da-f390-4cb7-b972-f047650c723d,64953
9eb306e6-1c76-4e87-9360-65baa093144c,54959
c79d7a66-0852-403a-b990-3850c1964e3b,92445
3766907e-3009-45f9-bd24-c123208fd427,62596
83939cc7-ae70-4479-b35a-3a9a68e4a653,1066
3c1e386a-e661-4d6f-8000-2fd06acc36db,57072
7c450d13-b5fb-4050-91e6-3d5389b399e2,58914
a90a7695-6112-42e2-baee-1df0b1a16508,57798
b74d054d-4201-48ce-bc25-cd66fdc0aa99,38490
6be1c56f-aaf3-496c-9b97-ae1161ae08e6,44002
a993ddc3-b320-438a-a1d7-d580501f6c22,74190
83a3d487-dd52-497e-be17-66b0983d020b,60774
b3498415-0ca9-4148-8fa4-2f16598c1397,41792
efff7beb-fdbc-490a-8430-480ac54d8127,93506
64a1ddf3-7516-4bed-b660-a23e126ee8de,9995
f2b1578b-2581-41ff-9b98-8151ab268073,18209
ba8403c0-c183-41b2-911e-c062fa7e3248,76707
6ac24441-5736-4153-9a78-03e46491af6e,74500
6285533b-01fa-48c6-9085-49df57ab4ea7,71350
74eafe1e-9f61-43f1-8886-1dbeb9ea21a1,41494
cc3eefaf-fcb1-4486-8d71-ecd909e4d7d5,21174
120c1a1b-f705-4ae4-815e-7dafee6d096d,1682
264b1be7-b618-48b8-aed4-b444a5145c45,63242
3b9ecf06-faa3-4ce2-a57b-c57278d4147d,32100
865b3137-ab5c-4656-8403-64aeb800c300,59159
c4e48c2e-7c93-49ac-917d-f0a71a6653e5,90204
afc8a6e6-f8df-44a0-93f0-89e52cfb6b92,42259
b0643c25-02d2-4f56-a25e-af4434d57e82,83460
107d0b16-7668-4f9b-8129-3f73f016296d,49322
63b5c2f4-3251-43da-989d-1152684531cc,85871
a6c5ba33-d8f7-41a7-a71e-07e32e055ab5,15723
27117cad-ba71-491f-aa59-3f5076edf321,51121
c4a64d2e-0008-40da-90f5-7faa66c6ac1c,93533
692dd5a1-a0ea-49fc-b4a6-6bbdbb98c2c8,34639
0e2c056c-68c9-4fc0-abb3-9ddd1390188a,85558
6e0bdabe-3d2a-4e55-ac51-62d2d07b2f7b,41083
d649393a-c08c-4db7-bac8-280c79434b5d,98419
ce25a65f-49e1-4a0a-b755-6b221c109252,74875
3e784409-bd2a-4932-b75b-a701dd5e906f,41739
1e36f288-503d-4db4-92e8-509e75f21bb5,51237
0b6a5612-fe8a-4aba-a339-57d21c9a2eda,87585
4ca4aa70-77c9-49db-98ab-9916f2f1c259,2875
923010ce-9c1b-4e2d-90a8-e367800396cc,54646
1c5710bd-92f6-4544-8bc1-d79e8f7a9ced,55736
b4c2cb69-e14d-44f1-82e9-0ae239146802,72530
79713fd9-1c99-4163-87ee-ac0ec44b8c8e,57719
c29e56d6-e521-48f0-a441-7108d1cac7d2,64520
472c8936-0108-4b1b-a671-8e419b64fe24,82678
fcd4cf67-5621-443e-9ba5-3fc0903fc46f,86677
e45eb890-201f-453c-aa7e-588be56c58d6,51461
147c344d-5957-438d-b046-b82d5e7bb238,95989
7ed56b87-88ac-4cd0-ae2b-2c449d3b917b,57104
e97a27e0-a289-48c3-be4a-ee548c20e5fb,54086
d5dd2c66-bc93-4e4e-8641-05bbc99bccce,56148
71f608a0-bde4-4b4e-8dc1-a0926eb6c39d,8114
8953bbad-00c6-4e1c-81e6-e7b858fbc8f5,48757
74a940a6-9b43-44ae-b7cb-569165992f02,56819
61b4d1a8-8dae-4337-8e00-60941a1b91d6,68269
9dc8fac8-2a8e-48c8-930c-913608d305af,12983
9a503293-ec6d-4070-91ad-a7d53ad532bb,82395
dc846f8a-6fbf-454e-b1b5-a80782bc86ea,29753
26e9a57c-79e8-45f6-8015-8316aedf0c6b,36297
d63634b3-e7a1-44b2-8032-63b1e0869b92,29411
a3baefd1-4d2f-4ddd-973a-55c23b4c13d3,9737
9c91fd46-3989-4fca-8f5a-4286bd8078ec,75848
68419ade-5121-44eb-bd6a-e8e5904d82e3,65931
67903e4d-1c1b-4d04-8aa2-d573fe893a53,54298
119bee7d-ea4e-4e15-8a77-1cb7c4b416aa,63209
bdc7c3c8-09f0-4bcf-b58d-93685e31b664,16551
8313b091-61a4-4a47-aa9d-8d1eb80acc5e,96228
6a8e7156-771e-4679-bbfd-f247fe123d9a,24168
2a69bab6-5749-4109-88ce-7248a2fac292,36700
bfc9f730-6f91-4318-832c-c30ca519d0b5,38568
881ea051-1fa3-446f-a3cd-aa3990378640,6253
0d7f3159-e2ea-4d79-905f-43e6721fa615,66836
083adf49-cd65-4825-b486-328386e08932,95441
23fb3fe0-65f5-41eb-b330-70c4653493a4,40131
e55f538c-f168-4661-8d92-51cd366cafcc,43907
30340802-8885-49e7-80ab-0b84a711428d,97020
5f9643d6-c6c4-4db3-a3ed-b143b632c9e3,17238
db2e88ca-ddf3-4d16-b123-119e869c8056,22334
e7f444b5-7ec6-44b4-8b49-9df92753ba7c,13024
144914af-4f58-43ee-a494-1b100b2784f7,25493
24d71bc1-3e66-49e3-baae-de1bff476b68,18603
296e8a1f-26ca-4d89-94e0-f6fbb707bb95,74411
5674c97b-6ccd-4a86-8858-7bee803ae5ef,47740
8738520b-0404-41fa-915c-6ca8d5799c41,58836
ef455298-9067-4cd0-8a16-177031950db0,81837
42aff446-88d3-4211-81c7-c732cabefe9c,19054
08a34551-7004-47e3-b832-f25ec35a535d,88746
379faf83-d24b-423b-ac32-e1adfb88082d,11253
5d8c6434-05d8-4e87-9504-ec2f801cd804,32396
9d3cfd90-bfb6-4f6b-af0a-4406a2b0a4a5,12989
aec389bd-614b-4a2d-b2f3-0ff420bdbe75,12997
afd21684-bb9c-4f41-a8cd-5d1c79b09a58,31357
64132863-3a8e-4094-91e7-d87468b54a2d,65900
d3969305-f00b-4c94-b37f-496e69d4c71e,66727
913c5ea2-dd57-48af-8b8e-8021b7d8dba8,41301
9a4125bb-9490-4b1c-8a16-d8409db48208,87291
a128de5e-6263-4dc2-ab93-d26a003d871a,6481
01e54cb5-617d-4549-8079-b0ff772f4467,21502
092b89cd-6190-4cc9-aec9-2b2e49a793f7,91290
b9d7748a-5a25-488c-8489-7740ba62ccf9,65830
b25b6f4e-8b3e-4ae6-81ac-2eca9e8e9b23,21394
eaa61142-2f24-4893-a96d-967389b98472,81101
329581b8-c887-4a18-b903-1980d8161e73,68862
59b97476-d32b-4598-b057-28691b9b5443,51109
9b3d94b8-8e7d-4d5b-936c-a16315474fc2,10252
b59f3129-2518-4aff-b13d-c11c97c54812,52517
1e5ba303-47c2-43f7-88c9-1d1e3db89039,87668
f9df9b7e-1ce1-4fe9-abd7-ea70d32d2fbc,28320
188cb84e-a20a-4392-bbfd-fca5373a1b93,13405
f1db7bb0-67fb-4290-ae03-2791bf83f164,89136
47f4125d-3dbe-4839-9a28-6cfcc710f986,30164
63f75495-1fcd-48fa-b61a-eff1b61136fa,59612
3bf97b59-c738-4f50-b6e5-2468194ec5f3,72586
893c6636-8695-4bd9-8397-84b980a668d7,13176
3d217eab-b4df-49ff-b263-458b1184eb1a,926
bd3b7154-bbd4-4db0-99b7-044a9993ae5f,36417
b26e5b34-fb0e-42b0-a5e9-2aea5045c336,50799
49fde97d-9829-43ac-8620-ccf98fb6efb6,26444
6d010b22-7f46-4189-b0e6-e7101bbc3fc0,23609
dbf27504-8390-40d2-bdca-09a7251118b3,60930
fc45b5e3-0027-420a-ba97-173e853921d8,32455
0d10dc08-fb28-4802-a22b-b089b647bbef,56969
525c0905-55b6-47fe-b599-7f675fec98b9,36496
bf563c4d-2b91-419d-bb6a-360deac10548,53671
5beaaa74-b9c2-4409-bf8b-bb63598f9fe1,36934
f08fbb95-7f62-4ba3-9433-491a92423a0c,15728
624b75f6-b1ee-495a-9ac9-e00f5881bc1c,54780
98464e5b-ceee-4388-bdfb-c8b5fb3f98a0,37647
4018b04a-437b-4830-b4d5-acf5a203a817,55287
2ccf6305-964c-442a-a60b-0509fdc27c69,33369
6e44bb25-eab3-4057-a00f-ff9e7d6a3e32,5389
b1148e95-8b57-472e-9878-6eb246599d11,42824
5043c862-e1a3-427d-ae8b-392fbf1c681a,19572
c958079c-028c-4b81-b9b7-6189fa76a7e8,94532
2682a770-b7a7-4429-b12e-ad14a87d06bb,56025
1deafad6-1025-43dc-b6be-6b632083ac49,17989
2e5042fd-15eb-46a3-b3cb-d42f8553a15a,87543
168e808b-aa10-4d20-952c-6560b8552b96,12921
1ad51a88-0e25-4344-8812-eb5f3919001b,89622
cd6695d5-2377-46bc-87c5-be734738068f,10972
62b9b888-38bd-4f79-9133-aa69932b4c17,12387
3c3502cb-0205-4ba7-8bc4-a758217c1377,42509
fcff7a7e-dae9-4731-aa57-1a07dd347391,51408
83b9c069-578f-4df2-bfe7-fcd0e05d84a9,23860
62706671-5e0e-4a3f-b79e-1d4dbc31eaf2,60861
fc5c11be-80db-4c16-ad64-284303d694f8,42264
49a8dc45-bed8-4658-b295-a9f6df7e297b,54528
b68f3592-bddc-45d8-9074-f58e000ecf47,46644
6dc7fc6d-eaf6-47e7-8b92-4b51df48075b,30403
ef6ca70d-c1cc-4ffa-9d5f-c06e1e38ecb6,86607
dcbf3c22-1de5-42ba-8e88-b118fc89d251,61543
4d4b52c8-ee6e-47d1-a757-5678dfb0b8b4,62054
be2a5025-1089-4840-abe4-1a8ad50eefd5,20311
a88aa6a2-e1f6-4257-9d13-793158e1542f,4882
4b0b2cd1-edc5-4118-8de5-983fa7b8f53c,13642
61921180-7dd2-4aee-9b39-a08423834364,87873
193185ef-2fb1-4cda-8454-c5c92ea5f195,78789
09e78a1a-c093-4b59-985c-d2e4efd09d36,55333
143382d9-12d6-4c7c-a928-d63587a91e27,54993
7966a137-73f8-466a-a3d8-3c0b7fe974b6,68224
76d42792-71c8-43b3-ab8b-be289ef32661,28056
8e900a12-faa3-422a-aab8-1eb71243e480,40993
6b8547c8-21dd-4b8e-9e43-4b66b4ddf25f,2770
d676279c-8db6-4ca5-a1f4-8200c6ac4567,69101
f26b3cad-e4f5-45e2-bc9f-b2a15a7a7289,81301
fd0e78f6-f83a-4d8c-8612-1a5ad21a3215,91395
55203e64-19aa-48c8-99a3-c38fe4e2fe27,69893
e6c43d31-8518-48a8-94e7-53b70ff3687b,35753
4149b2b4-1275-484c-877b-1245b05fe295,39337
47b93d7c-5dc4-4505-9e9d-48c4014a7fb0,84688
8b7adb37-ec0b-46c1-9692-43b72450f91a,70606
6092fe90-ee61-4456-bb45-f2f29154de38,71195
f756f750-6ee9-4ad6-8bf7-7f26325f53aa,48302
beaaef4e-c026-401b-b136-28bbea6a7f15,22855
3d83aa1e-71dc-488e-9bef-4e04ebaf5a2b,10897
ebfbe031-aaf9-4abc-9de3-51de451ed5fc,34767
104bb786-dd40-4be7-abc9-019ac3cae940,88036
b95acbe4-744e-485a-9f7c-6097a48d84e3,21294
d8774e63-643f-4ab5-a12e-9986b1243f30,71848
7329439b-a904-4a0e-a99c-fb19dd61b125,44149
cc8d6321-73ca-4fb5-a4be-30463abd0219,29431
318247f4-fd07-4f2c-b64f-6b9aa6a99a9f,60443
20b70f3d-29d9-43ed-ba94-e2be9976061f,52194
15b2d915-675c-464a-b9c1-fdab028300cd,77990
7c925d95-8b56-4029-a8fb-95c1171a674b,48577
62f76c08-95ed-4c24-8ccd-a3104d645142,39610
97f720c9-ec4f-41b4-b6d2-f6217ae00da8,33177
3e0f9bcb-238c-4822-a662-1f807503db26,69320
554465c0-1cef-4b20-a37c-7f30aab33fdf,43434
8b1cefdd-bd25-4936-8cb0-4dfb11d944d9,39104
2d7568f5-0ccc-44e2-beaf-f3fc44c4b268,82779
b75e2705-f786-4451-84e0-c3cf7858deb9,49833
e6b4de11-946f-46b1-93e7-f8f0d1244c62,17585
c3525abe-28da-46c9-aacc-54682765c30e,16446
9e344857-9c6f-4f4d-8493-312db67066f7,12922
3c3588a5-99e0-4638-92b8-326a6c2c8be0,39110
56e54f09-4c4b-461a-906d-483909fb1e83,34686
e9124a9f-0152-4b1e-a19d-027be7e20f7a,92230
2a9de317-9475-4b4b-8d76-e0b102f7aeab,2143
a64b745e-d7f4-4f94-ace3-a29747b3be7e,65883
f54ba884-c9fe-4323-8d22-c99c5c5e91a5,60842
da57556c-5121-4445-ad8b-f38a2ccae3ac,25079
628ff7ed-ad36-4303-a85e-2920940462ac,36428
348a96cc-c640-489a-8245-c3cbeeea7c43,96594
a2202993-b8d6-4e4c-b686-f3d9c2363b96,67923
72a059c4-a507-4a9c-bef2-df055acf8979,19520
05ccfd67-8dbf-4530-a959-e5a96ab6316e,17193
57443b50-54fc-4309-a34c-144f83a769fb,50788
9a83d2ee-e94a-4832-9026-87af61013a1f,48077
317e6034-8f05-4ee7-bdc2-662eb2c9328b,2750
88586237-59ed-4189-9843-761eb301ba2d,7859
88ef47d2-bd29-42a7-b9ab-3bbc6993acdc,67233
8eaf37b5-5983-48c1-90d1-c2e0a271065b,94990
a767c025-3c74-4895-a2f9-cd22bffca233,2374
88a91125-f03a-4237-a5e2-5dee39276e7e,92860
7421ee5b-c623-4851-953b-4dda8b822c49,77855
1d8bd73b-9c21-46f5-9a9d-34647b746458,92296
11a288a3-bd98-4dc0-ae32-b6cec283376a,51891
c8a28311-666e-4d46-b1c9-ecb0cdfb92ef,9542
42a20bf3-ac99-445c-855f-608e490472dd,38947
1b1a310a-a91a-4284-985b-7930f20fec7f,63396
f4a54d20-cf5a-476f-b37c-e6df12ec9e80,39032
a50e5226-140d-4466-9633-f788e6481646,73314
91093de8-0c9b-4a1f-b242-c6ed23612038,24055
0e1950a6-8b84-4770-86d0-7a08185ecc24,40812
4ebe7b60-6c0d-4515-9e7b-430b01664796,17874
33d96fe9-cea4-4604-bb7d-52c3f29b49bc,11875
0cd4e791-c429-42ba-844a-ce0e37004862,90177
6518350d-b6b8-47fb-840d-3fdd350fdee5,85415
5ac6f4ec-3935-4442-8561-babbfb964135,72959
42088c2e-73da-44a5-b6e7-2898c6d03db0,94351
edd56eca-20b9-4c55-aecd-139720d112bd,85474
919f706f-5c17-482c-92a0-5747363b3584,27059
821b4d2d-fad7-42f1-91f2-1ab141e0075e,86688
2d891631-d65a-4337-bff6-33e29d5e48f9,51517
6546e4cb-3529-4645-84bd-046b606bfcf6,82236
c5bde015-cbb5-49c8-8a03-31abc5444122,16809
5a4ed2ea-c28f-4e66-af7a-cafca5888348,82665
00d8c9a5-9062-4c21-8d6c-741a5f94b258,19728
7efea6e0-6f33-4883-abad-c7e5d4349b70,8497
3d1611e2-be15-4510-95b1-837c52bd5ecc,56188
3868f719-1140-4d11-9282-56cfc1b4b805,56643
6f41c2f5-0ce8-4bc3-a874-c97a057435b7,71061
094272a3-4d5b-43b8-ac8a-4a88c40366c8,50873
ec409148-fe30-430e-9900-05ecea05193e,41732
f744022a-da2b-4737-8c9a-9bd1356ee639,46291
c92be568-0c88-4fc3-a94a-fdfeb75955f1,56065
42fbe605-806f-44b1-b515-2c8cc12242aa,53500
03def106-0e41-475f-998f-6508142f7924,23336
5ad21a0d-e6d8-48fa-9aaa-a42b917273bd,14973
0f8ed418-48ea-4a85-9bf8-9e1a0008c526,88172
38728f49-b35d-4e19-aa5a-780d8910c3b9,2871
5017e1c7-8af3-4e8b-9e9b-59161e1d1680,53536
7b358522-1500-40ff-ae9d-b041d15df13b,57865
8a53d716-2c3c-40bd-a8a1-4f88b85ddab4,67843
63cc6438-ae90-4d80-a0fd-87e65fae5543,44750
72af62ef-a2ef-4c82-a613-0d1bda046c1d,40934
1950d055-8429-460e-9104-f7eb4f92b40e,11987
4e814c2a-e674-463a-bff3-21f3b712bb5f,9803
ac9688f4-478b-46b2-86bf-77153b813a3a,23213
93746fb9-d87f-4de5-ab19-13ff5846cbb7,58576
054bc723-aa4a-4163-978f-c602f753a422,31990
4dbd9953-7e64-4d0b-885c-68ad0a916898,32361
932cfb39-6e20-456e-860e-d1863de49226,70976
23dcab07-65b2-42dd-9ce9-41860c4a121f,35488
1c8f5966-dfad-49d8-b54b-ffb359451716,16956
f3e00bb0-ea1a-4f95-8264-bd7aa2fa63e8,57562
84e1f686-d2d8-4fd0-b110-4e2e15186b96,1888
c6dd4bc8-f548-4db9-abbf-381ffc2af504,88898
a0296c1f-abf4-4547-aada-82fbddfc65f7,1702
54071995-b75d-4bca-bb38-5fe58e46faca,10719
b5ba6e37-72c3-4f93-b17b-2b02e963baf6,50109
c7af88cd-3709-4167-975e-e0221497f6be,58108
b0045fec-5969-428e-a76c-a827197c66f6,53359
db50c385-0092-4bc8-9aca-09a12a6323fa,93703
1bd8a4d7-fa98-4faf-b3d4-74431a59e70b,9749
20cde030-7710-4af0-9e48-67ddc5a66fa7,12011
2ce96207-010f-41a7-ae74-4f1e23b9af35,55872
40c677d1-7791-470a-9e68-c20846bdc4d9,90859
26d55433-5ad1-4c9f-9b8b-29250efc2f36,46301
c88549e8-ecdf-4107-bc7b-c435bcb39750,78122
3b1e8365-e695-45b0-b79b-d15b6937cd7c,88367
015e2d8e-55f9-4746-a9ab-25f89b32c712,91095
c6e17942-7545-4005-af4f-89de812d6dd3,14894
e19fe84f-daf3-4390-8408-7ba82683ba5e,65163
4d548e4d-9dc5-4150-adf0-bd23500224a9,5132
bbd17604-2a23-4675-bae7-9a10f0b75549,11513
fca5a50c-a6de-4e8b-9dda-b45864d87c13,70433
cdf13ce4-a14a-4f2b-b861-257dfd3b28e7,63780
44010125-e147-47fb-90ef-56001a78fe6a,12820
40f6e687-5aa8-43f1-be68-fc50869ff7e3,35758
999c46fe-0275-48a6-ae69-b7bf40077a27,75340
9d49d5a0-2cb2-4099-ab54-b02c399d9fc9,34585
eb918bc9-484e-4ccd-8b7e-99f83d1da88c,59834
deb5fd85-3b6b-4ece-b993-aeb8788e1794,14856
2936b13d-c039-4f12-9f08-19bc63c908f5,51812
d36a291e-8089-408e-9156-04884c456fd2,79770
836e7604-fdce-4e96-bd3a-42add06ac411,58812
b82dd5ce-ca72-4120-b6aa-242ac3878216,40784
915aa011-9bf8-44e7-b250-e72daa74a7f2,67555
f75074cd-1c2d-40ab-bc03-d974a10bb444,35285
3b4a942a-6ee6-4a1d-8655-4e9a76e51482,50092
9193e184-0486-4bc0-842c-48396bb62990,42113
b6a3f97e-1ee9-4d22-a246-7f7433e6c28f,56726
a6a64019-5d3d-4770-8724-7e590c896893,9972
cd3b9e7d-b5a3-406e-8e82-13e70cec5e92,5117
71300d86-751f-425b-92b2-1dd0e9ba872e,38370
6c2ee422-4f7e-4c67-81c9-0c2cb56955eb,39881
f8d04ef8-0efb-4709-a45d-ef063ec8ab2d,20883
bc85d7dd-5003-492e-a80b-90ffb64f4327,32263
6ced23cc-850d-409c-a9ce-c146b9f0b2ba,16318
71004d75-5072-40a9-acc3-efd2d7ec61d6,60828
df7259f5-3804-4c87-8198-17e464d494fc,91914
e99fd95c-4cec-4621-aa6c-99fbda10a6a1,9517
965a676c-9df9-4444-98ec-033d55bea2f0,35912
9bda9aa6-da45-496a-941b-ebb75909a26a,88521
b96af476-6cb6-47c3-946b-bc6f3a3a430f,97110
ef0c2104-78f5-42bf-a99d-b311e783ab2c,35631
468f6ab1-2e49-4e52-a513-11eca862b09e,62783
2d8b915f-b398-4952-be45-225881460828,58725
00645647-d14f-49eb-81e4-fe5d5ac5a0a1,86385
36616dcd-fa28-4fdd-a7c3-ab3fa7a8df03,55490
71f0e7ff-9845-43eb-8785-dddba28570a5,31301
a8b8f927-3b50-468d-9c35-6aaeb71767ea,82733
efda2a2d-d6cc-4298-9d6b-1a9b6ee2773c,23262
5e9fd7da-976a-4532-baab-53203c5c9c66,12386
bcf8ce59-4247-4649-abce-4fdc35d58de7,2536
7691ae56-ea37-4f8a-9a2a-9eb46771c555,43084
3d036ecb-2292-470c-bc73-cd7b9e4dfc48,12012
f1ceedc5-f83a-4d7f-9134-9c9c400d87e7,4332
b965ca55-ed82-414b-a0de-66a56e21765e,10271
081af829-efd1-40d6-b71b-4512a375a0de,94317
27c0f512-4c21-48ff-82a6-290c92ca4cb7,29708
bebbad94-7ec1-4875-a22f-4e564e4d7b4f,47559
02d50768-2d30-4b3a-8978-d10ae0ce28e6,10802
0cedceaf-ac7a-4cbd-8243-03d12d4fce82,5012
5f77d013-f0e9-472f-ba9e-5ca2046da79d,32088
9eadb2a3-0820-48e8-b933-e079e284bc69,32165
bd47ebb4-3ad0-4ef8-9548-f805354deedb,99533
3d9405d5-ee85-4358-a76f-513b9e859cfc,96347
206a4cfa-3fa0-4041-93ce-307a28858063,28787
db7ffd75-cea7-4a4b-9f02-35834c3d0839,31005
db200726-d348-4c13-93a0-51673d03b739,1314
cf1b7ad9-0ebb-48b0-90d3-51cb63a25422,40207
9778b913-db02-4f87-b891-d633540c9ecc,49033
97649b38-6dd3-48c8-9da4-416f762926cc,21843
a5efecc5-483b-44c6-b2e4-f1e740d784e7,19446
8f71cd9a-2841-4663-9dbf-a2a39df71bd8,86353
74e6abbc-0803-451e-932a-bf0e06a233d1,77411
0b611557-4a2b-423f-bd85-d9af0dbafa04,52638
2d6e859a-d8f0-4751-a762-4b6f446a9d2b,91036
a2d37800-9c42-489c-9ab7-c06270759044,4299
6c9d7c6d-9eeb-4f97-b55f-50ea8173c4a0,51124
31e5d8ef-2bad-4966-9679-7512b46324ef,99362
e4f59c4a-e1e5-4a02-953c-8ea5caeab4f3,29480
40fdf723-76ee-4b31-b58a-1081eaf96924,34162
ddfd797b-ebb7-4111-b49a-a03a8ef11f1a,1719
e1549d31-9c4b-4f71-a238-4e902fbf5a23,79680
026c62ab-de8a-4be7-9be7-5f00d70002e6,6551
7a3fffd7-3f7b-4352-ba2d-c8b1b33fe0f1,25813
37ea3948-2aa1-4b6b-9346-ea33788fc745,72269
39303f81-80b2-4799-a258-e9e4461ca881,85059
0aa3209c-1524-4222-89cc-d36a90f95b52,40080
2fccd48a-ae6c-426e-829e-855cc13d4c08,88491
5c74fe26-c2bb-4b84-874f-e5f4bad2bc95,12389
fa19b394-6ec2-4347-afec-350dfa01eade,2622
745e314f-f557-498d-8528-c8f09bb731ad,69094
5048a3c4-6d23-4f90-a756-cd6546e03882,91073
f837de07-d015-48cc-b4a2-856a525ec6e0,20259
24bc4ff4-4d0c-4cdd-bbc9-a3c7488cf1cf,68481
fa366dd7-48ed-4847-875b-311e7eb9a6e8,91591
f2526bc0-4e0e-4338-b122-ee5f913cd8d0,67971
8ee21d80-1b7b-40d2-a4dd-aa558d69611c,55413
738ef3f7-a98c-4479-96b7-22c916661251,61752
6c9d0bf3-df18-499d-96f0-7c5a5743196e,95269
038b892c-b947-4224-9baf-b1deee9ac490,18240
e7345306-e45b-4c6d-8274-1f45eb53cb0c,2351
46bae90c-2efb-4a23-a61a-4c53710b37ba,24439
7f58661d-6df0-4f06-bd93-8a16705a307b,33936
46ba7d12-66cb-491f-8013-5e8b87775946,55821
3d1eb2ef-a6d2-4fed-bbcb-768a149ada14,37395
70450c1c-c7e1-4e3b-97e3-cb4e64743bd8,15555
d815ff05-3f39-4a20-9551-f22ba2f01484,4280
9c8cf90c-23fa-4bbe-a7cf-8f115d8b3120,44248
41e8c8c7-1e4c-4b72-a764-66f1dce8f563,99767
a40bf6b8-43a6-4a3d-a912-f7dca1345d56,68270
73b92a23-4f31-4284-b5b6-eba8423852bf,15321
cce4e5eb-b73a-48a5-97b2-88a2fa27d170,96251
d2c39270-9d2f-4d3a-a62c-4f47e28cb721,30347
67a4f4e2-308d-4a89-a4c3-eb907853d26b,9193
b6fbdad0-7f25-47f2-b82b-459be6a07596,60889
da84ac14-ee75-4bf7-afe4-70e12f7c0ca9,51271
613e761d-c975-492c-8ff8-934a9ce93c78,93319
261b0bce-c91c-41a4-9f78-c39721a2dbf4,72563
52d0c02a-fc6b-445e-bdb6-136ab27ba0be,82651
a477813b-dfde-49a8-9b2e-d9468b346ec7,93313
d15f7c02-f729-4479-a221-68bc477c3bdf,52178
c15ee3f2-7fc7-4b53-93b5-9cf77e20665f,84952
8dbd3fce-bd4a-499e-88c1-fdbe83d7bea5,52429
ef0cce0b-2b40-4293-9808-6fb60601d6c5,95878
b728a9ae-3004-4e64-8c4f-28e0c630405e,52100
2fa48aa1-0b51-4961-bf07-aa25749815c3,57405
8eef38d2-8491-4f56-b511-7694c89e5380,1144
b944d2d9-9cfa-451c-8d5e-c948fa5028e5,63345
10c3031b-7c2a-491d-8f06-90a9c01e5435,6570
76527191-2681-471c-b324-525eb322d340,21597
e7df3c08-1aae-46f3-8e5e-9ffff8909bd6,64021
c1ba4c5c-363f-4fbf-a49a-7a8818256ec1,6203
f2d49f89-aeb0-4c73-bff8-5711bacd073c,7388
61b59583-cbf4-4f12-90aa-a3383b5e3f95,8700
cc508b63-da6c-4845-a089-3fe423972227,85169
d71a8aa1-15a7-4f5f-a27f-af4228e23b92,31601
976b35ab-6960-4626-8210-3f3d07e49868,38470
37ede2be-c7f8-426e-a2ae-b2e76f67c4de,18757
a26ddc76-0e07-4959-8a41-11cd50a204fe,12604
9b97f07b-0374-433b-b8cb-0d940e393a57,67210
91e91815-ec58-4eb6-a855-f9bb69a44535,92464
29bffcb3-59d7-4fc2-87e6-0402bbc09523,68143
58229b68-24e8-4752-8f0f-8fd9bb2e1e27,59899
83fd2546-3ed6-4a5b-a9de-cb8398dbd2b0,57102
62841c76-7422-48d3-b941-205a40a72730,47870
7f8d79d3-1ff3-40e5-a221-cb41ee05cfaa,42395
3913fb35-5fd9-40bd-ade7-30929c469ef6,77915
cbfa74ba-1386-42ba-b84f-bc492618a4a2,16765
f583909a-e2e3-4b4e-823b-62b09e4edc4f,8928
575bb425-a6b2-4259-97d6-8dd91ac9f749,60515
470431ed-a115-4bff-a3cc-36bfa7eb4d05,70062
24a07932-3afc-44dd-9fdb-b85fab259ff3,59476
7252f284-ba90-4240-96fd-4b252de9e6bc,21952
0901bc4e-54b0-4236-aa96-bf85685c01b2,51037
bde2e0ed-865b-430b-9119-4c36bb22607c,11524
be5775dc-8687-47da-8ed5-b83367a43098,47722
0252cff6-bf91-4fc1-bd3d-1c092c1103df,64365
1d9bbe84-3372-4f62-b2b6-a0306dcb0394,31343
764eac12-d807-4253-8101-bd663b59e0b9,26540
4d3e4665-f3fd-4800-b255-a8eb59e5836a,68772
bca33cf3-dab3-4ad7-9e99-3222e6718229,61335
f42cfb52-bfa1-460d-8e1b-bf286f00bd38,6492
1cc93157-d059-42d2-85de-53503077c050,98547
b5e4a2b8-5158-429e-805f-0b18c7b0f02e,5904
242de15c-83b6-4ad4-aebd-203ffd9ce709,99107
e81d4f51-b8df-4349-9074-ed9b5c768e05,82120
abfc4aa7-2885-4797-82b5-fae68730dfc3,21245
25cdb55e-6cc5-4d0b-b102-a8a0ec26275a,96195
8eeba6e6-7b4b-41af-ae70-abbbbc64ed6f,71143
c572307d-8a82-44f9-8779-6a1727570984,81793
691960c4-01d1-417f-bed1-c352421be25e,4348
8cdb83e9-8cb5-4675-90aa-57de7adcc620,54029
8f20a35a-891d-450b-bd14-3fd53a9788af,75152
9fe44261-ab04-4e17-bd62-5a8bd84fbe7b,34053
08e84205-9634-4085-a585-8b423381fe7b,1254
dd36db70-d501-4437-971d-6d1935f0f4a5,13851
a31f5799-54bc-4b0e-9f00-523aec1bb36f,59260
b7bdbfed-9314-4b13-a477-3ffb148af6b9,93571
d4e3c093-0e08-41eb-924e-44bb70624c7a,77165
a4dee703-fb96-4ac7-96d3-5a5160c2fb6f,36353
ea044c91-59c8-4ce8-9baf-def801dd812c,46903
935c0ae3-4df4-4c0a-b8ae-ade44543be61,16668
92cf90c0-391c-4bc2-b749-bea0faac29ae,31076
ce81d4bc-1970-4970-a721-b6431d04a3a2,72180
8ef0856b-cf9a-4484-82f3-195f31e7d930,18564
0ec0cafe-1e72-49d9-b9f1-6cd84a835d79,50576
5146ce55-8ed9-491c-9c29-9edb819e8eba,91604
6eed9e12-a653-49a2-9fa2-d286e385f470,58935
fab00aa0-32d9-4aea-bf4d-5bfa95cc840d,33267
b69c49a2-e119-4b16-9d9b-d83c8ff02f7b,84827
dcdb78a4-5308-49ea-9a0b-53c7a9044f19,2908
1fa92666-5559-4225-8a5f-ef5217591119,28555
3d0e4686-b1be-4abf-bd54-1b7aea948347,5640
2cf41fd1-5d89-4302-9503-b15b7a7f72cd,23009
4b17de41-7cca-4baf-9a0a-c0203f11aa34,32497
e2c0eeb7-37da-4fae-a95e-98d4f486f676,55238
4e576b88-13d3-4361-970d-abffce6d1311,71930
2382b5b9-d5cb-4490-9a4d-e6381ce02a6e,60450
567189c5-dbd4-4012-8a60-8d720c468988,80803
27af602b-98a3-41fa-a32e-cbc45d7cbb7a,85671
66b098dc-5c2f-4f2b-aefd-3552f87a0e4e,27265
652dcee6-561a-4fd0-9006-66b7865be243,38009
0db52d70-b493-42f5-a8f3-776af76ffc64,35788
48ff7e52-a407-437e-8217-55da57070319,71623
d551af90-a5d0-46b3-95d4-cb7e81170e9d,64260
06b500b3-6967-4931-98e9-7178e1440c0d,5758
d8d2d374-691c-4ede-9aa4-f8942a9723a0,51308
ea8e2b40-2bab-46da-a872-95b893237096,47061
17f4f792-2d65-4ef1-9409-00a388dacd8a,8597
f31b4825-9436-4aa2-9463-19ca4dad2394,65453
35c440e6-5093-4635-88f8-987d6708edac,22703
45da3e01-69d5-45f0-97a4-bb9519fc7b9d,54369
61d0f278-f532-4bf0-ad5d-7afcfe7fd534,71474
9a773d5d-2304-4428-bcf1-69beca00979e,66050
0eb2da4d-da99-406a-b040-f24fc6ded204,72150
f0d8d904-4a87-4007-993f-4de18d1e7fed,12313
a5e6e168-9641-4050-8e4c-baa0e3d61878,66814
ed25d4d2-b91c-4137-9d3e-2b09531972f3,76130
f8b041e3-8b24-46e1-aaaa-b2e2b0cd7962,5693
94837b7b-f946-4e9c-8bc8-9e1b65ef382a,68213
93175d75-e2fe-4357-bc2c-6d08e2e6a7f5,64514
4eb29033-c550-4ca7-878c-888696a4a97a,2501
022c6a34-a0cc-43ff-8cd3-439e3b2016e9,21442
37056259-2440-4098-86f3-9eb88427421f,70416
1358657f-809e-48d5-a89c-7039852fec68,99323
26eb26f0-be23-4e03-8c31-3bdec18b809f,80693
0fcdc22c-2d8e-4fda-bbbb-5ae694227337,85134
85a28aba-c746-4083-8858-a9eb12d78c9d,2905
8bdb8dd0-86fe-4e56-811f-1d63e52b6a20,51010
fd616efd-4933-4df6-857d-1a615238eff4,68660
4bbdbd60-3645-46d7-8e1b-819d91e3aa8b,89756
5455e942-64c6-4e89-93c5-26466856fdf6,26258
f6f093be-201b-4cce-bcd0-4cc8507352bf,9329
67760ccf-8345-4728-9685-a89ad5a9e8b7,99428
d12e6158-8418-49c9-bf1f-4e31ac9704af,1450
dfa937c1-d77a-4879-9cc0-0ebef6f0ab88,73900
3f125a25-e8a7-467b-9e3e-325e0454e85e,38525
87206fbd-6ddd-4d8c-a6a7-fdd710c5aca7,86619
ef4d6a0e-865a-4010-be2f-4b2f3dec1824,39574
092ac3ef-0c1e-4a43-ba05-4f62899b9bfe,63600
0d4c2b95-aa3b-4bc0-aacc-4354f2a3853e,58433
a074142b-80c7-480a-a59e-6add2f6ff205,26271
4904d9b8-9786-4b62-88f6-f4b9b04692b2,32974
a9560a0b-60f8-45e6-bb80-1c5323dc1c56,80167
38722975-648c-4a9c-b786-81781ffa126b,57118
d571d5ab-82cf-400e-b58d-00052586cbd7,45330
dd63e410-5376-432e-b85a-48dee25d06e5,35647
00f75f1c-23c7-4113-841a-2e2806099ee1,79857
500e527b-f7eb-4e74-8c2a-85c0fa5cac25,43890
88871c27-67d0-4613-9b20-1ac7282c5d46,97474
83a36c23-abc3-4f79-9e25-abbe38f884d1,40792
4d46ee86-0fa3-4512-ac59-514a4214f292,2138
fc2aca24-5d6c-40da-9343-8434a901de44,38761
02a2da0d-26ec-4172-8834-e743e63892a6,68856
f2957c6a-a05e-4a7a-8b52-397feb8a2ddf,75524
d53f5f11-dc60-4c3b-9fca-e65531673cb4,57801
a315810e-977a-4830-9419-4caf91d5ffde,18104
8d507584-85b9-45fb-8e24-24014e8bfc9f,965
3278b712-9ca0-4b73-8c37-28e5fbc2977a,41926
66b3b759-8850-4ce1-984c-e7dada64b8fd,59776
e898b611-9931-449d-aa86-e7e01c2393a7,79837
be28d3f2-109a-400a-b5e5-1d6bf9379ff9,81668
a29fc6de-a681-479b-a025-50bcd7796e78,87267
557a0853-57a5-4896-a7d2-1b165ddafb8b,70492
7fb6d1ab-a955-4a35-ade3-af69973f7633,54717
992761f3-a2b0-4234-8fec-a84086a91985,86975
a3baeb69-d121-4941-94b7-5025bea8d612,55289
48654cb8-2a5b-4bdb-8a29-c77c343d025d,15815
8850c993-2453-402b-9ad4-f4bc4a90d4ed,23061
d54f2dd8-1415-4526-8c05-cecd5b3ebf77,5585
a016049d-64e7-4cfe-8bf2-749de1a8e05c,96352
0c19a9fc-f920-429d-9c9a-d1d15ce8240d,38718
0cc8e73c-dfc1-4dd7-bb74-e722b814158d,85256
b51cdf50-ea79-4755-9c65-47a6e1f0a2e7,83316
a334970c-2795-4000-8a9d-5c97c218fea1,24896
ee26c675-3146-4ce6-b1ae-031eb70eab1c,50619
6ec2c090-b20a-4fb8-b2fb-f71522c9d136,63076
4b4a6adb-0833-45b1-a4c2-944736f92103,21187
6522451d-1225-408e-b19c-31c8369b247a,24560
ef3db3b5-0b31-4127-876e-ee3385008964,12636
c563ce92-6d0e-4601-a513-7b35418d2d9a,19608
9b14b287-686b-44dd-99af-f4bee4c9550a,48331
3a26b811-fb5b-442d-a726-298d8f51d1ae,80909
76b093d2-b32d-4362-bba7-3eb6406ed87a,52250
239032c5-6641-4f63-b5ba-03428b93aa9c,41225
b12693e3-79c0-4b51-acbd-508fb08c85da,8395
eb9efec5-f9a9-40fa-bc95-62544367afbc,57133
2005f4a7-5e9c-4045-8cd4-ceb3e5b73aaf,52378
a3dff7fe-508d-4061-b746-2464f5c18c41,7199
5a779a12-e8c2-4e50-86cb-ff8069d1d558,22451
2a36e75b-7283-4231-a4ff-29eee25fa807,2210
b2bb5b12-fe82-470f-80ec-d8bafcdc76f4,21703
e52adb1d-77ea-483a-8553-bd7956188cc0,42242
7a9684d8-87d6-4764-824f-e50c1874aa8a,71164
1550fae4-629d-49c1-9fb2-25b1be1cf2bc,30203
084696ac-8c3e-4bfe-bde2-a73d249012ac,62613
9bfb6acd-afc8-4e98-84f0-fc88f53fa397,22461
da0ee7ea-19f4-4360-b006-d031d4e4e412,77604
b9065fb0-4a4e-4e26-bea7-83387a1b922d,25063
990aa16b-7008-4238-8361-4b939c447fa9,25982
6aa7caa7-cc51-4101-9041-5c4088eb9db7,18362
6c2aad28-4cb6-48e2-9781-7c739b3dd9d0,65217
690067bd-e813-4d4c-9c08-e84b4ffd8738,64615
67addd63-142b-4006-abe8-88a245d6ba40,16733
0ee40b14-9395-4ff1-af4c-e5cd6f57f20a,51579
f2a03032-43d8-4e68-9f0e-0a4556cfa912,74688
99039838-20cb-4655-81b0-067357797fc4,43579
0a06d54b-09e3-438d-baa3-05047915140d,45647
39b7a9a5-ec77-4004-806d-a870df2beb6a,7917
312bbc99-bea3-4a79-b020-c1a6f51b34ab,87864
0172a6a7-efec-4f86-b0e3-09cfe21473a0,52952
86bee30d-096c-4ed3-a27f-7e30f532311b,48880
b602d901-2bb3-40d4-8905-fbca8f26bc20,61241
ace8fa35-0426-4854-800e-07d5f79921ac,24393
edf68d51-5e18-4f6a-9873-e4e0f48bae84,56085
cd9a8321-e335-4545-9927-358a258001eb,18966
d5338a51-c771-4479-b614-3beefe8886ee,21070
ab9d8602-58f5-45e1-a0c4-422005d3e5d8,8139
bb8c9c26-dea6-4899-8875-8f5c80f45f58,60250
b6ae4571-9f67-4be6-a9e2-804ba654ec70,56284
a6c07b23-4cdd-4248-a211-8f1cc86b3660,48293
b95a037a-da72-4827-8f5b-94ba74901e13,93683
be92ade0-0af1-47ad-894e-c3c1004a1bae,2442
7cda4754-85cd-45b4-b666-36589dbcac35,22533
1afb1975-0792-4375-9279-b554ecbdb293,8319
fb254f8e-0b2a-4a94-9cb1-b4beac7ab4ed,18485
5cb34ef0-08f8-4189-9fe8-38ffacac9108,476
11140dc3-3d36-4590-a560-c388411e1ee7,84483
7f39cf3a-597d-4c81-93e9-0245841b1127,95455
a42787b5-2d47-4e72-90e0-559ace32a956,78235
3674f0e4-7a91-45a6-a85f-c6ebf8c4a28a,42623
ed93c1b2-7f38-4d6a-a35c-2f7985441049,11491
66d819bb-d02a-4eac-99f5-3a8166f2d049,74623
e69ff1a6-07bf-477e-b1d2-c02d3ded2cbf,41250
9a073489-0564-409f-a245-951631b9c455,14314
7aa9da0a-51b0-48ab-946b-df7cbec3c045,85795
a79a0eae-e133-4e65-b175-82845d75e20d,62268
b4159fe5-a55c-4cfd-a93c-cab90d10bb11,3584
9d87051c-9ff4-4330-981f-af8f1abdc1ea,42230
d37c69d3-368f-4c24-afba-97d074320107,3853
b3b8bfb6-3989-449f-a8ef-16fc86ce36c3,6178
0b568352-d6d4-4daf-87e8-888cdc0cb985,12785
c2ed6ed9-355e-42a4-af6b-5da2eb1bac3f,16284
b65f8c9b-92c7-4b8f-af84-bab6b39bde59,65914
e5b0cfee-baaf-46a0-8c1a-1a6ba8dbb7f4,36119
4a4a29d0-648a-4ac6-8602-55015dcb1630,25394
5a894a9d-ca1e-46f8-aa54-b629a1ee80be,73300
a7a14ed7-8a3e-4a7b-8ac6-186c9707c843,33279
1453b55b-f4c5-41a5-82c9-9007b5a1b8a1,55617
a946a7ee-7ce5-47ad-a5da-f78072d9f360,39756
f52277e4-393d-450d-92e9-44e48a95b504,89869
47025fc9-7ef9-44ab-a6df-5959caee4770,65101
585b08fe-ab89-4de0-8065-e1f79154a980,24415
06856eba-423c-43b5-af40-928275eba11c,93224
09cb1cca-a10c-445e-8cbf-ec8f972cd89f,73126
4caf72aa-5625-4351-98ba-d02d665af308,33126
0c88787a-6666-489a-b195-6ee1c6c3b4fd,33665
04317cdd-5f5e-441d-932e-54753045c74d,18208
df738192-274c-47b9-9c09-78d3beea9699,93918
411934be-1976-49b7-bfd0-a37fdadb8ad6,60567
ee45b43a-ee0d-4afb-b995-0fc7bc1b355f,11660
a824f6f5-e83b-4a9c-a3cf-b2ee35ffd89e,55115
010ffd7c-c105-43a8-8ba4-0d69270ea50a,69319
ab8b25c8-d3dd-45b5-bce9-4c8c47fb0523,85569
4f63a1a4-8255-4e25-9561-f31fde0b55ce,86720
293b02b8-83dc-4c82-8f98-a6395acb153c,73885
470826c0-129a-4d82-a04a-4348ed927eae,98114
e93a6f59-36f3-4bcc-bb86-5821c2adb1e3,4134
4485db5d-38bc-4d1e-8d3f-81c813be718d,18160
58957545-c984-4d74-9b6c-c49335b2d08d,58624
57d1f264-abab-491e-a49f-81aa5fd438b2,65273
c91021f6-a775-4d98-bb98-4efee542eca6,35423
28292006-a41d-40d2-8c13-a76603f099b2,95968
99536951-d145-4889-b69d-7dd518b7c705,6118
ae47670d-cb8d-4f69-b27d-e9dbf5a83092,20614
7c38ed38-d9d2-45c7-a87a-e6f31162af21,14641
991d7d5d-7090-43bb-9d26-6fedb6dfc330,54667
fa8cd066-2518-44ad-aad8-26e32ebb75ef,25625
d4757b3e-ddf3-41c2-b94f-eb53bef155db,63354
afe4570c-b001-432f-af67-4bf7ee8aead1,38691
3836a894-5122-4a40-9c3e-186ea9e8f817,2011
e4ae8c0f-e5f9-4245-a368-6511cb0df529,82190
5bd7b1c5-4e43-4d43-8f34-5a66ed6d6676,82407
7d0fb1b1-55cd-4e60-bc80-683c8da6dc17,23478
76c62423-f5e4-440f-943a-dce2e4c97c63,45125
a4f3a7eb-168f-46b3-875a-4de54e126f54,37853
bfb6a726-c481-4a7e-8aaf-4b2d46b52b5f,80277
ddfe2472-f069-4d7e-9646-8114f6b8ef60,29711
5ef3bf1e-1f46-4c8d-8ae3-dc01fc99ef39,23444
eeb98b91-34f1-4805-a34d-a9a19fec145c,33260
0522d7e8-dcb3-482c-b893-e07caeadbb45,14099
86def41e-c4ab-4238-953f-2e8130cbb5b0,78620
3958ec97-3d6d-4bc3-8f1e-d232552430b9,86634
5362e508-c618-4f39-8e4e-7d26584c2666,37111
99b73fc1-2b49-4814-9418-56e868178e0b,90679
0d33c5c7-39bf-4e4d-bd95-a5b203334311,87603
cf164d45-b01d-40df-8d22-d366cd47ffc0,78280
0a17fd9f-dffc-4265-96d5-8ac1eb6f9c61,27538
b5b09e26-4642-45a1-8cc8-8e5ea470ae24,83984
187215c2-0119-46be-8dbb-30780218f338,49956
f4d004bd-7a1a-42a0-bead-755cb74880bb,64329
d2261d10-f885-4fc1-8e70-616f4be81466,6885
1b3acc76-a0ce-4a91-baac-58659aebd53e,60514
b18188f9-f981-4c71-aa37-0e16e8d19a9b,13323
4c1e8599-209f-43f4-b457-d716de630635,70159
31d8a3f4-4ce1-4bb0-b4ee-712bf5233864,93564
7545c675-514a-4845-8700-069f4b8601ad,37047
97edaa72-ccf1-458f-b697-faeff39fa44a,76929
9da9220d-d5be-461b-8908-b6b1cd122f65,14375
a2b7ab82-b6f8-426c-94a9-d2a1efb894db,59816
d28861ac-3c60-4040-bc96-ced375862043,75839
14d20849-573b-47ca-8839-f9ceded2f0d9,45860
f4bbb40f-a23b-4e36-92b6-7ab4492012f3,71353
4b0bdbc0-7ab3-4131-9c28-9bca07f18f66,11410
4efdd182-83ce-4831-93d2-9aca5c5bdf61,39897
765a1525-f7ee-41ac-a152-6d15380065a0,17345
2a217154-d9a3-402f-8e7f-44a56ad715c6,27612
bc26c9dd-2526-4b8d-91e4-82f5c702db05,25681
6aa8ce85-68bb-4791-9b31-948ae6ffa0c8,92462
c3ff027d-de09-442f-8e38-85179b7139df,34308
b1f76d9f-46e1-4201-aadb-5f87fb82d8f2,11062
245670a3-ddd8-41d6-b781-e787af51cbef,7038
573b69d9-52a9-43b5-a60e-72538c5a0837,61745
68b505df-0dd8-4ae1-bd8d-774007406bc6,38079
5326714b-94d6-4fa8-8528-517ac9edbd02,92033
35c15380-1714-48f5-bcb6-b415d1880acf,65280
c45b09c2-ee25-42c6-9e0d-4f71a44ff254,13767
cb21a5c5-3e88-41bb-866b-cbae1d4fb918,75354
956521bf-853a-4d5b-8fc0-a2efda3e734a,13851
c014bbee-2367-4278-9593-e4821d174924,36429
e6b6b2ea-97d4-4d9a-b013-127868a4ee01,62277
361de9ae-548f-4ed2-bb0a-e26abdad1d75,89086
2f1bf381-6e77-4456-980d-423dc9f06a43,82141
7c7b646f-4602-42b3-be64-dd01781a1ffd,20533
93dc9904-d7d6-45a4-8b7d-dc2a6a22bb1c,80722
8c351e62-3b84-4cf6-97db-c413b498fc1e,55845
98d099e8-0082-45d4-8e18-5296b5fe8173,20863
17c21ec9-8ee3-42f9-8a73-1cc741ae5116,9613
971da0a8-bb4f-4568-8f3b-64dfe8203d8e,31821
a9a8b525-f3e4-47a3-892a-c5335ab792ef,74489
e483aed7-6768-4ab2-a491-073f5d5edc33,99506
221a87ca-6900-409d-b7ab-71825ef00387,56509
307e1b92-31ed-43a9-a521-e7ce727487ae,60854
8f4c64bf-d007-4de0-a8b7-38107c2d9a63,6921
54cdcd08-967a-4d4e-83e8-70d1f82049dd,28467
1ee74a6d-fc96-436f-958c-b7298c694b92,7631
b79916bd-3153-436f-9337-4b9913781d77,61502
aef18558-fc77-4134-a239-fff9d72ca898,32267
b00a01bd-41ae-47c7-befa-971606c0ecaa,34780
7dd6f839-e732-4156-ba09-1e7f1e3539cc,82176
8518104d-c23f-4fef-81db-129a29e71e5b,72677
66c2fd2e-c072-458b-b6be-22dd0d97e49b,48875
23024f41-1d7d-4f78-9f34-a3b03a41ce2c,73072
496aff7d-2a17-46ec-9156-7898d8a977cc,2671
b4722c4d-ce86-4439-b5b0-f96452dea424,80352
ab6e9829-e355-47f1-a9d2-7a0aa7e2d223,91435
a776e263-eb1a-4b4c-9d20-632c8fe57a1a,7608
3054e9a1-b321-4dcf-9081-a79587120e03,77618
c1fde7a6-49ab-4305-adc0-1f052ad3727e,63839
458248d1-e1bb-4ce5-bcbd-da857ded255e,85990
a57fb13a-4add-40b0-8c51-515c0a330e93,66045
5ef1b26d-0d73-4f3e-ac0c-1e2bd7525ec7,79066
f0ff279b-381a-4a23-8337-be3df11ef1a4,96169
06a63e92-5457-43de-b203-99fc0077044a,28168
560ba0ed-fd43-472a-b53a-19a9f6679195,97134
c3db8f91-d85c-4e1a-ad33-d193c27f01eb,47063
149fc224-1499-40ef-9cf6-519cca882c80,38432
82f594ae-8c45-4cbc-a9e2-d1704e13024f,87705
adc10074-0a37-4f3d-b3c3-da2726e86500,39517
64145808-c7db-4a9d-9ae5-aba1fa7c4a3b,97882
e3c0f13a-20d3-4933-8c49-1dfdcca2bbee,71846
f6e39556-562b-49d3-99db-94604264b199,32024
83e51f2b-c43c-44e3-9dce-2fea3e882a14,99907
90338f08-f820-46ff-ab2f-d464a3364eea,55752
8fdd1885-627d-4be9-93cd-408d0e20c9e8,92128
a843a660-2d54-452e-a063-bfd21c644c4f,92722
2f9ffe00-5c9f-4615-b80a-1cdd22fbe38b,9529
bdd7a0d2-996d-451a-acfe-973dee799c17,73888
1e38b551-581a-4da8-8c3c-7bc973b2c9ba,35586
0b0f6561-dfb7-4e4e-96da-dba766dfa6f3,11202
ecbac805-8d00-476f-926f-acd991b2d451,18726
90ded8c8-c5bf-48d3-84d6-029815e39c3b,79620
89503206-29cc-4086-9248-20e98e8f3126,38449
ad33c950-f4d9-40a6-acb9-8c33ad7bde04,58971
04f554f7-6a4d-4f41-90d8-202eee1031b3,12683
2c887173-74c9-4591-a486-56ecc63c08e9,68847
99b0dfbf-b908-41e8-b0f6-71b40230e259,42826
827fb9f1-7fbb-4ed8-8c47-ecfa92b53f0f,64550
724a7b2d-df89-497e-9d57-d81dd0a7cddd,11877
bc277ba8-b89a-4bb8-84a9-3dc91408dd37,53894
b2d6bd7a-a374-4eab-84ae-ce7a089c3264,1753
20aed3bc-852d-48ea-ba23-499ce2178a6d,16977
d20636f7-dd47-4b03-bf18-1c61fd846fff,74054
054ea149-c4e3-432f-a64f-445dec85fd1a,13594
684136e3-53c1-47f5-a337-8f46bdfbe7c2,4922
02994bba-6cf6-420b-9a03-620a581412af,13166
9d230ae6-9f11-4261-95ab-12865e5e8f06,56625
